cena	Powierzchnia w m2	Liczba pokoi	Liczba piÄ™ter w budynku	PiÄ™tro
290386	46	2	5	parter
450000	59	2	3	2
375000	79	3	16	5
400000	63	3	2	2
389285	59	3	13	12
539000	90	4	1	1
380931	66	3	3	3
225000	32	1	NaN	2
235582	38	2	7	3
664443	68	3	5	3
263581	43	2	8	1
304920	46	2	4	1
1100000	185	5	NaN	1
450000	64	3	4	2
690000	165	5	2	NaN
410665	71	3	15	2
370000	73	4	4	parter
319875	51	2	15	8
430000	70	2	1	NaN
259000	48	4	4	4
290000	42	2	3	1
0	33	2	5	5
690000	203	5	2	NaN
599000	70	2	5	1
499000	88	4	3	3
270449	41	2	7	parter
311356	31	1	5	2
310707	45	2	4	3
435000	59	2	6	4
385000	51	2	4	1
410780	71	3	15	3
480000	62	3	1	parter
372025	60	3	15	2
798000	295	6	2	NaN
331945	53	2	5	2
359000	84	4	1	parter
500000	170	5	3	NaN
395609	59	3	4	1
354967	51	3	4	1
595001	170	6	2	NaN
385000	66	2	16	16
455348	56	2	4	parter
429000	79	3	5	4
276528	47	2	4	parter
1050000	228	4	2	NaN
278000	44	2	5	4
299000	46	2	15	12
615000	70	3	5	3
270500	41	2	7	parter
319875	51	2	15	7
285000	42	2	6	3
274458	45	2	5	2
380900	67	3	3	3
330000	62	3	2	parter
302887	49	2	7	4
240000	37	2	10	6
249000	38	2	10	6
753360	87	4	5	3
330000	44	2	5	5
325440	67	3	2	parter
0	36	2	5	parter
393120	55	2	5	3
464940	57	3	2	1
204450	43	2	5	3
219000	33	1	4	4
799000	118	4	4	parter
325000	65	3	1	parter
262000	44	2	10	2
185232	36	2	5	parter
299000	45	2	3	1
235000	30	2	4	3
318645	51	2	5	2
368568	68	3	4	4
569000	118	4	4	parter
199000	28	1	NaN	NaN
1350000	230	5	1	NaN
349332	54	3	NaN	parter
335343	71	2	6	parter
469000	70	2	4	2
285000	52	2	4	2
220000	48	2	4	1
320311	54	3	5	1
595000	95	4	8	5
245000	38	2	4	4
265000	38	2	4	poddasze
278000	50	2	10	5
290387	26	1	5	2
341704	56	3	15	9
343400	68	2	3	1
1115000	171	5	4	4
1199000	282	8	4	3
175000	38	1	3	1
420000	77	2	4	2
371337	59	3	15	9
277425	40	2	5	1
367000	52	2	2	parter
1200000	150	5	2	NaN
397350	44	2	5	2
319000	62	3	2	parter
980000	300	7	3	NaN
263018	39	2	5	4
336500	54	2	2	parter
259178	46	2	5	2
307499	48	2	15	11
590000	145	6	2	NaN
337467	54	3	15	2
313170	56	3	5	4
1250000	370	7	2	NaN
495000	65	3	5	2
295555	45	2	5	1
368568	68	3	4	4
499000	140	4	2	NaN
279548	41	2	5	parter
690000	225	5	1	NaN
395609	59	3	4	1
324686	55	2	15	4
217686	29	2	5	1
550000	71	3	5	parter
217042	29	1	5	4
399000	61	3	4	1
299000	48	3	4	4
368712	56	2	6	1
0	55	2	7	1
302176	45	2	4	2
265000	48	2	4	poddasze
240796	32	1	5	5
259930	47	2	4	parter
369000	73	3	4	3
354000	62	2	2	1
305000	47	3	4	2
559000	135	4	2	NaN
200000	27	1	12	3
407100	44	2	6	3
301206	48	2	15	7
277425	40	2	5	1
243306	38	2	7	6
278502	48	3	5	2
425000	57	3	3	1
760000	270	6	2	NaN
1100000	171	5	4	1
326625	48	2	5	parter
510984	70	3	5	2
920000	177	5	4	2
638175	85	4	4	3
295000	92	4	2	NaN
560000	84	3	4	1
237412	38	2	5	4
265000	55	3	4	4
750000	132	3	5	4
225000	49	3	11	9
239000	38	2	4	4
619000	48	2	16	11
213120	33	2	3	2
0	53	2	7	5
425850	50	2	5	3
245000	33	2	4	parter
520236	61	3	5	2
404570	65	3	15	7
255000	37	2	5	1
384540	56	3	4	3
337303	57	4	8	3
430000	75	4	1	1
340500	54	2	2	1
310584	54	2	2	1
368359	60	3	15	4
282994	54	2	2	parter
260000	65	2	4	2
275000	48	2	3	1
1449999	200	6	1	parter
408430	74	4	5	5
389000	47	3	4	3
420000	77	2	4	2
840000	219	7	2	NaN
930000	220	5	2	NaN
750000	96	4	5	5
0	54	3	7	6
389000	73	3	2	parter
247063	39	2	5	parter
280390	50	3	5	4
277425	40	2	5	1
336500	54	2	2	parter
351735	53	2	5	3
369000	55	2	5	3
320768	57	4	5	2
800000	225	5	3	NaN
470093	59	2	5	3
308495	56	4	5	5
354000	79	3	16	16
233386	38	2	5	parter
368110	64	3	2	2
285000	36	2	5	1
840000	219	7	2	NaN
1290000	235	6	2	NaN
392607	59	4	7	5
293488	43	2	5	parter
272873	41	2	4	1
409468	55	2	3	parter
332940	53	2	5	2
325000	55	3	3	parter
247220	52	2	5	2
240000	41	2	NaN	3
334117	56	3	3	2
286462	49	3	5	4
411901	57	2	5	1
368568	68	3	4	4
350000	50	3	4	3
303000	53	3	4	3
344500	53	3	7	5
191000	20	1	5	5
165000	70	3	2	NaN
365000	63	3	4	2
945000	153	5	3	NaN
795000	220	5	3	NaN
204000	30	1	4	parter
280039	47	2	4	2
221918	36	2	5	parter
1900000	318	5	1	NaN
799000	104	4	2	2
339381	53	3	7	6
405000	58	2	4	3
367000	52	2	2	parter
307499	48	2	15	12
274334	48	3	5	1
330368	51	2	15	12
269952	36	1	5	5
365000	47	2	3	1
309000	62	3	NaN	4
195000	42	2	2	2
243800	43	3	5	4
351475	67	3	2	parter
338250	61	3	4	4
441129	72	3	15	parter
337000	48	2	2	1
349000	42	2	5	4
264000	38	2	4	poddasze
359000	60	3	4	1
0	30	1	7	4
290387	26	1	5	2
233386	38	2	5	parter
320539	51	3	15	2
221918	36	2	5	parter
253188	48	2	4	parter
550000	117	4	2	NaN
710000	189	6	2	NaN
180000	38	1	4	2
249000	50	2	3	3
327787	51	2	15	11
349000	64	3	4	4
314000	57	3	4	4
399000	54	2	5	parter
440000	50	2	4	1
495033	81	3	4	3
334000	44	2	2	parter
200000	28	1	4	4
839160	111	4	5	2
350000	64	3	3	3
329820	54	3	8	2
225000	32	1	16	9
2150000	140	4	2	parter
304488	42	2	5	3
280000	43	2	10	3
420000	57	2	4	4
362880	55	2	5	1
324610	49	2	5	2
292712	52	3	5	3
279000	49	2	4	parter
471305	72	3	15	13
334600	59	4	5	parter
260876	53	2	5	3
410665	71	4	15	2
179000	35	1	NaN	1
341704	56	3	15	9
440000	104	3	4	2
279000	38	2	4	1
450000	84	4	4	parter
2100000	280	5	3	NaN
430000	41	2	5	1
174995	38	1	2	1
299000	61	2	4	2
719000	141	5	NaN	NaN
350000	60	3	4	3
242000	37	2	10	2
499000	195	4	3	NaN
499000	120	4	4	2
308237	53	2	2	1
315000	66	3	3	parter
368568	68	3	4	4
649000	250	7	4	NaN
380000	67	3	NaN	3
283024	50	3	5	parter
272000	47	2	2	1
311406	43	2	5	3
1270000	97	3	2	2
206637	63	3	3	1
323340	53	3	8	2
315000	50	2	3	2
699000	154	5	2	NaN
189000	26	1	12	5
341704	56	3	15	9
204450	43	2	5	3
709000	114	5	2	NaN
585000	76	3	7	6
474912	72	3	14	14
301800	54	2	2	1
358000	63	3	4	4
353524	54	3	7	parter
440000	61	3	3	2
479500	57	2	5	parter
303841	49	1	8	7
980000	287	7	2	NaN
328000	47	2	15	10
351504	48	2	5	4
233914	31	1	5	4
341704	56	3	15	9
249048	34	2	2	2
495000	70	3	4	2
316740	52	3	8	4
337524	51	3	7	2
960000	180	6	1	1
285000	49	2	16	14
335000	48	2	5	2
410665	71	4	15	2
465000	160	6	3	NaN
290387	26	1	5	2
329423	54	3	8	5
0	53	3	5	1
390000	90	4	2	NaN
288000	49	2	2	parter
1100000	176	6	3	NaN
268995	34	1	5	4
250000	31	1	4	2
344712	53	3	15	9
230000	32	2	4	3
1330000	96	3	2	parter
370000	47	2	3	1
395000	33	1	8	3
790000	270	6	2	NaN
344051	67	3	2	parter
490000	70	3	3	2
275000	50	2	2	2
670000	148	5	2	NaN
518000	98	4	2	1
489464	71	4	7	4
350000	48	2	5	parter
270000	46	2	16	11
367218	59	3	15	1
356160	59	4	8	3
680000	217	7	1	NaN
249048	34	2	2	2
520000	86	4	4	4
480000	92	4	1	1
399000	62	3	5	3
269999	45	2	3	2
650000	260	4	3	NaN
265000	55	3	4	4
319000	57	3	4	4
233386	38	2	5	1
325038	45	2	5	4
237405	35	1	5	parter
346055	54	3	15	13
263872	47	3	4	1
397350	44	2	5	2
325000	48	2	3	2
366665	56	3	15	8
249048	34	2	2	2
341850	53	3	7	parter
1900000	300	6	4	NaN
630000	75	3	4	1
310584	54	2	2	1
185000	28	1	10	2
399000	58	3	5	5
320000	44	2	4	4
273000	48	3	5	3
378000	77	3	16	2
299000	59	3	4	3
0	36	2	5	3
380000	42	2	5	5
345000	65	3	4	4
495000	64	3	4	1
341704	56	3	15	9
350000	50	2	4	3
1250000	198	6	2	NaN
275000	44	2	4	4
230753	31	1	5	3
185232	36	2	5	parter
269645	46	2	5	3
706972	72	2	16	2
274000	55	3	4	4
698740	63	3	4	parter
330110	60	3	5	4
362475	53	2	5	5
410000	57	2	7	5
471775	56	2	6	1
214171	35	2	5	parter
460000	78	4	1	parter
350000	59	3	2	parter
750000	150	5	2	NaN
0	70	3	5	5
249048	34	2	2	2
450000	74	3	3	parter
378000	66	3	3	2
1090000	183	6	3	1
379000	67	3	3	2
336375	57	2	4	parter
371930	57	4	7	4
371432	60	3	15	10
300428	47	3	2	2
195000	32	1	10	6
287952	51	3	5	4
254345	39	1	4	4
399000	80	3	16	12
749000	163	5	2	NaN
428090	57	3	4	1
410000	53	2	11	5
520000	85	4	4	4
263018	39	2	5	4
314000	61	3	4	3
529000	120	4	2	NaN
337524	51	3	7	2
363240	50	2	5	1
159000	30	2	1	parter
229000	30	1	5	4
379000	56	3	4	parter
340000	54	2	5	5
299812	51	2	4	2
210000	33	1	NaN	NaN
980000	220	6	2	NaN
307499	48	2	15	13
277098	54	3	2	parter
359988	54	3	7	5
550000	200	4	2	NaN
480000	64	3	5	1
495723	82	4	15	9
474912	72	3	14	14
520000	100	3	2	NaN
950000	300	6	2	NaN
390000	47	2	4	NaN
539000	63	3	2	1
315225	47	2	5	5
820000	156	5	2	NaN
637776	49	2	4	3
1550000	320	6	1	NaN
380764	67	3	2	parter
219995	42	2	3	2
347000	47	2	9	8
214200	34	1	3	1
730000	200	5	3	NaN
265999	42	2	4	3
326000	39	2	3	1
311283	51	3	4	4
311500	89	2	4	1
277425	40	2	4	1
500000	84	3	NaN	NaN
309825	45	2	5	4
194000	38	2	5	2
285534	44	2	2	1
349000	51	3	NaN	parter
204450	43	2	5	3
362880	55	2	5	1
249480	33	1	4	1
630000	60	2	3	1
335000	64	4	11	3
368712	56	2	6	1
354416	58	3	2	1
481522	67	3	5	2
389000	64	2	NaN	parter
467000	103	4	3	NaN
569000	118	4	NaN	parter
850000	50	2	2	2
421049	72	4	15	2
560000	180	6	3	NaN
777459	159	5	2	NaN
416000	59	2	3	3
499000	118	4	4	2
330000	74	3	4	4
326000	39	2	4	1
409000	54	2	3	1
281960	50	3	5	parter
319875	51	2	15	8
499000	62	3	5	parter
420000	125	4	2	1
421870	68	3	5	parter
437680	54	2	5	2
208740	29	1	5	parter
282994	54	2	2	parter
1590000	270	7	2	NaN
365000	77	3	16	16
370000	49	2	16	13
327000	49	2	5	1
550000	117	4	2	NaN
274120	48	3	5	1
370000	60	3	4	4
299000	47	3	4	2
499000	88	4	3	3
510000	53	2	5	2
222050	44	2	4	3
380000	67	3	4	2
949000	340	8	2	NaN
346843	57	3	15	2
669000	149	5	2	NaN
1465000	175	6	5	3
299000	48	3	4	3
495723	82	4	15	9
307156	45	2	4	1
312460	45	2	5	parter
284618	41	2	4	3
1200000	237	7	2	NaN
313039	44	2	5	4
950000	300	5	2	NaN
384300	61	3	5	1
350464	54	3	7	1
307156	45	2	4	1
449000	54	2	5	4
320311	54	3	8	1
405440	61	3	15	5
464067	71	3	15	9
311696	55	4	5	2
235000	38	2	4	parter
273000	55	2	5	5
339000	57	2	3	parter
239000	40	2	2	parter
237944	42	3	5	1
245000	110	1	2	2
257034	44	2	1	1
1550000	182	4	NaN	NaN
354496	55	3	7	1
331500	51	2	5	parter
365000	48	2	3	2
399000	56	2	NaN	NaN
335000	54	2	3	parter
229900	40	2	3	parter
284618	41	2	4	3
350000	50	3	4	3
325000	64	3	12	parter
629000	180	4	2	NaN
308500	57	4	NaN	2
349966	54	3	15	4
458136	72	3	7	7
450000	74	3	3	parter
415116	70	4	4	2
274763	44	2	15	7
379000	64	3	4	3
280000	47	3	4	3
409000	59	3	4	4
410665	71	4	15	2
245500	40	2	NaN	1
344712	53	3	15	8
326000	39	2	3	1
313000	50	2	4	3
470000	55	2	4	3
273000	48	3	5	3
368568	68	3	4	4
0	67	3	5	2
334600	59	4	5	parter
155000	26	2	2	parter
0	36	2	5	3
391710	71	4	4	parter
864763	78	2	5	5
437680	54	2	5	2
330840	55	3	8	1
870000	156	5	2	parter
345000	45	2	4	2
345000	65	3	4	4
337524	51	3	7	4
399000	47	2	4	parter
780000	87	3	NaN	parter
627000	95	4	5	5
670000	186	6	3	NaN
265000	43	2	4	4
549000	106	3	3	2
320311	54	3	5	2
360000	60	2	4	2
0	35	2	5	1
330000	47	2	4	parter
297830	45	2	4	4
615000	200	5	2	NaN
302887	49	2	7	parter
340500	54	2	2	1
395000	53	2	11	5
239000	31	1	16	1
417700	67	3	2	parter
526050	45	2	5	3
309000	53	2	4	1
465000	160	6	3	NaN
278502	48	3	5	2
467384	63	3	7	4
406000	63	2	3	1
3000	68	3	NaN	2
355000	60	3	4	3
265000	61	2	3	parter
495723	82	4	15	9
148000	34	1	1	parter
221918	36	2	5	parter
520000	233	6	2	NaN
1190000	270	5	2	NaN
680000	197	7	3	NaN
354000	78	3	16	16
341544	60	4	5	1
300328	53	3	5	parter
469131	67	4	5	5
335000	54	2	3	parter
345800	53	3	7	1
595000	136	7	2	1
245000	35	1	3	2
379000	70	4	4	2
268385	41	2	7	1
321685	49	2	5	1
299000	38	1	2	2
280390	50	3	5	4
399000	98	3	5	5
510000	100	4	2	NaN
279000	48	2	16	14
659500	135	4	1	parter
652000	162	4	1	NaN
295362	48	2	8	parter
309900	46	2	5	4
268385	41	2	7	1
285534	44	2	2	1
549000	106	3	3	2
308495	56	4	5	5
450000	86	4	1	1
253288	45	3	5	4
200060	28	1	6	parter
295490	45	2	5	3
225000	32	1	16	9
411901	57	2	5	1
345000	56	2	4	1
302887	49	2	7	4
2000	37	2	5	4
579000	92	2	5	2
217686	29	1	5	3
407000	43	2	8	8
229900	40	2	3	parter
774005	150	7	2	NaN
279000	70	4	4	parter
904041	100	3	5	parter
350784	54	3	7	4
282951	40	2	14	5
378000	78	2	16	2
256088	45	3	5	2
255000	40	2	4	1
890000	200	6	2	NaN
277425	40	2	5	1
280000	46	2	4	4
253288	45	3	5	4
315445	27	2	4	1
267984	37	2	5	1
864763	78	2	5	5
1139000	157	4	2	NaN
950000	200	6	2	NaN
3700000	240	7	2	NaN
340000	54	2	5	5
890000	118	3	1	1
245000	38	2	NaN	2
390000	211	6	2	NaN
330840	55	3	8	1
309000	51	3	4	4
329820	54	3	8	2
349668	44	2	5	2
295000	33	2	4	4
275000	38	2	10	6
380000	73	3	1	1
330840	55	3	8	2
289000	40	2	4	4
406364	44	2	5	3
1990000	220	5	1	NaN
376399	62	3	15	14
341040	60	4	5	2
259000	45	2	4	4
194000	38	2	5	2
272000	48	2	2	1
1520000	136	3	2	parter
410000	57	2	6	5
416000	60	2	3	3
699000	150	4	3	NaN
329000	47	3	6	5
245000	44	2	4	2
290000	49	2	13	13
311283	51	3	4	4
798000	120	5	3	3
389000	67	2	2	parter
358246	52	3	3	2
240000	41	2	4	3
244062	41	2	4	1
198000	31	1	4	2
278460	44	2	6	parter
335988	49	2	7	2
754071	78	4	5	4
329995	48	3	4	1
499000	153	4	2	NaN
474912	72	3	14	14
249048	34	2	2	2
362880	55	2	5	1
415000	49	2	4	1
525000	85	4	4	4
393120	56	2	5	3
555000	125	5	3	3
296000	37	2	8	6
410665	71	3	15	2
205000	27	1	12	4
320311	54	3	8	1
345000	33	1	3	1
431145	73	4	4	2
341040	60	4	5	2
638175	85	4	4	3
749000	141	5	2	NaN
560000	55	2	8	8
282994	54	2	2	parter
383950	54	2	5	4
0	35	2	5	parter
319000	48	3	4	parter
240000	41	2	4	3
864763	78	2	5	5
320000	53	2	4	1
864763	78	2	5	5
377640	41	2	4	2
247220	52	2	5	2
475930	67	4	5	3
695000	220	7	4	NaN
610000	86	4	5	4
280000	55	2	NaN	2
337524	51	3	7	2
295000	49	2	4	4
643000	83	4	2	parter
302887	49	2	7	4
286000	39	2	5	3
439000	86	2	5	3
198000	31	1	4	2
453929	68	3	5	3
480000	175	5	2	NaN
256872	45	3	5	1
360912	70	3	4	2
320518	53	3	15	parter
394000	66	3	6	5
333699	54	3	4	parter
1850000	196	5	3	NaN
379999	67	3	3	2
193772	30	1	5	3
525000	104	4	4	3
282994	54	2	2	parter
435000	84	3	NaN	1
345865	53	3	7	2
1156054	103	4	4	parter
640000	230	4	2	NaN
263018	39	2	5	4
242000	37	2	4	2
339000	48	3	4	parter
1900000	88	3	2	NaN
169000	38	1	3	1
193500	38	2	4	2
363392	53	2	5	2
245000	39	2	12	5
318452	50	2	8	2
269000	37	2	10	3
203600	43	3	5	1
377947	56	3	5	2
299000	60	2	3	2
325000	53	2	3	3
454000	52	2	5	3
295620	29	1	5	parter
365000	69	4	1	1
417700	67	3	2	parter
263000	34	2	4	1
290387	26	1	5	2
345000	64	3	4	4
300428	47	3	2	2
250000	38	2	10	10
364000	69	3	2	2
185232	36	2	5	parter
525000	70	3	3	parter
340000	55	2	5	5
299000	60	2	3	2
408430	74	4	5	5
690000	270	4	1	NaN
355000	53	3	10	9
335000	62	3	4	3
336490	29	1	5	3
474719	102	4	4	2
192750	38	2	5	1
510186	73	4	5	2
307035	55	3	5	4
428090	57	3	4	1
619989	84	4	3	parter
1290000	220	5	2	NaN
338580	41	2	5	2
269000	61	4	1	parter
245000	47	2	10	8
411901	57	2	5	1
314000	61	3	4	3
315350	45	2	5	1
345000	47	2	2	parter
340000	52	2	5	parter
479934	76	4	3	1
345240	57	4	8	2
237405	35	1	5	parter
315810	47	2	9	8
415000	78	4	3	3
390000	90	4	1	parter
251850	34	1	5	3
620000	91	4	2	1
210000	33	1	4	parter
535000	108	4	4	1
420000	62	2	NaN	3
864763	78	2	5	5
599000	120	4	1	NaN
249000	26	1	2	2
990000	130	4	1	NaN
217686	29	1	5	1
904041	100	3	5	parter
275000	38	2	12	1
864763	78	2	5	5
287000	48	2	4	2
320189	52	3	8	1
2700000	510	1	4	NaN
330393	55	2	15	14
222050	43	2	5	3
262000	72	4	2	NaN
320311	54	3	5	1
270000	52	2	4	1
326000	39	2	4	1
904041	100	3	5	parter
355374	65	2	5	1
550000	117	4	1	parter
340000	54	2	5	5
369000	76	3	16	1
609000	143	5	2	NaN
495000	62	2	5	1
387000	84	3	5	4
465000	42	2	5	4
495723	82	4	15	9
185232	36	2	5	parter
280000	54	3	4	4
280000	46	2	4	4
239000	31	1	4	4
304000	36	2	5	parter
678756	87	3	5	1
319000	64	3	10	4
380000	49	2	6	6
383950	54	2	5	4
299000	41	2	4	2
1600000	1200	6	3	NaN
360000	47	2	3	1
294900	59	2	4	2
320992	57	4	5	parter
350000	63	1	4	parter
279000	48	3	4	4
332145	54	3	8	1
949000	178	5	3	NaN
499000	55	2	4	4
484506	49	2	4	3
295000	48	3	4	1
211481	28	1	5	1
180000	50	2	2	2
215000	31	1	11	9
299344	46	2	7	parter
740000	67	3	5	parter
250000	38	2	10	6
260000	44	2	3	3
346055	54	3	15	11
730000	150	4	NaN	NaN
580000	77	3	2	2
398500	70	4	2	parter
1190000	226	4	2	NaN
308495	56	4	5	5
615000	70	3	3	3
350000	51	3	3	1
499000	64	3	4	1
1650000	190	7	1	parter
0	41	2	7	1
245000	44	2	4	1
305000	53	2	4	parter
330840	55	3	5	2
179000	35	1	NaN	1
368568	68	3	4	4
277425	40	2	4	1
779000	151	5	2	NaN
450000	86	4	1	1
394000	68	3	6	5
771672	98	4	7	7
235000	42	2	NaN	4
330840	55	3	8	1
627000	95	4	5	5
299000	47	2	4	3
293178	51	3	5	4
299000	45	2	3	1
425000	53	2	5	2
459000	88	4	4	2
368359	60	3	15	1
860000	140	4	1	NaN
309000	65	3	4	3
365000	56	3	2	2
750000	185	4	2	NaN
290000	56	2	4	3
319872	57	4	5	3
245000	46	2	3	3
275286	42	2	7	parter
650000	200	5	2	NaN
680000	141	4	2	NaN
319900	72	2	4	2
365000	51	2	3	2
359000	48	2	5	3
495723	82	4	15	9
325038	45	2	5	1
295362	48	2	8	parter
328025	54	2	15	1
247220	52	2	5	2
307026	55	4	4	4
269000	48	3	10	8
428090	57	3	4	1
595000	95	4	8	2
630000	70	2	4	2
489000	160	5	2	NaN
380931	66	3	3	3
329000	54	3	NaN	parter
297024	53	3	5	4
899000	138	4	2	NaN
429000	70	3	4	4
395604	59	4	7	6
385000	74	3	3	2
392420	63	2	4	3
256872	45	3	5	1
256872	45	3	5	1
302887	49	2	7	4
215000	33	2	4	parter
279000	47	3	11	2
565700	161	4	2	NaN
330000	59	3	4	4
337524	51	3	7	2
350784	54	3	7	4
285678	48	2	7	1
274764	44	2	14	7
380000	68	3	1	parter
699000	154	5	2	NaN
282995	49	3	10	7
1339000	220	5	2	NaN
369000	68	4	3	3
411901	57	2	5	1
350464	54	3	7	2
1500000	142	4	4	1
1890000	683	8	2	NaN
550000	84	3	4	3
420000	96	3	NaN	3
265000	38	2	5	3
205000	30	1	10	9
1240000	80	2	11	8
0	36	2	5	2
330000	59	3	4	1
750000	185	4	2	NaN
263480	47	3	5	1
165000	30	2	2	2
876000	146	4	5	4
398000	55	2	5	2
445000	48	2	3	1
969000	180	7	3	NaN
380000	59	3	4	4
404731	70	3	15	parter
220210	36	2	5	parter
585000	94	3	2	parter
378465	54	2	5	1
393120	55	2	5	3
376000	58	2	4	2
417000	74	3	2	1
603818	97	2	4	4
394000	68	3	6	5
380000	62	3	4	2
339958	57	4	5	1
350784	54	3	7	1
374227	59	3	15	12
350000	65	3	4	4
1330000	162	5	2	NaN
632800	77	3	4	3
259000	45	2	4	4
329000	57	2	3	parter
469500	109	4	2	NaN
383950	54	2	5	4
350464	54	3	7	2
485000	66	2	4	4
690000	263	6	4	NaN
329000	60	3	3	2
350000	62	3	4	2
337524	51	3	7	parter
332410	51	3	7	parter
360000	48	2	5	1
266448	47	2	5	1
302887	49	2	7	4
281960	50	3	5	parter
499000	109	3	4	3
279000	42	2	4	parter
460000	52	4	NaN	NaN
499000	118	4	2	NaN
193772	30	1	5	3
650000	104	7	4	1
695000	92	4	4	1
455348	56	2	4	parter
372211	61	3	15	9
320311	54	3	8	1
699000	200	6	2	NaN
290387	26	1	5	2
338111	51	2	15	15
332145	54	3	8	3
437680	54	2	5	2
765000	156	2	1	NaN
256816	45	3	5	parter
205000	34	1	3	1
335000	64	3	2	1
315000	45	2	5	4
619000	130	5	2	NaN
259000	43	2	3	3
0	67	4	7	7
349000	49	2	5	1
328241	53	3	8	1
490000	60	3	4	3
329000	63	3	4	3
349785	52	3	4	1
313000	50	2	4	3
241500	34	1	5	parter
485000	79	3	10	3
399000	96	4	4	4
337120	60	3	5	3
319056	56	3	15	3
538000	75	3	3	1
200000	28	1	4	4
139000	28	1	4	parter
404500	61	3	5	5
241000	31	1	10	10
535000	108	4	4	3
337524	51	3	7	2
313000	49	2	4	3
198000	31	1	4	2
389000	61	3	4	3
305775	45	2	5	5
289900	58	2	4	4
260000	38	2	4	1
368110	64	3	2	2
290000	29	1	4	1
359000	56	2	4	parter
425000	84	4	11	6
348000	53	2	4	4
305670	44	2	7	3
272944	48	3	5	2
420840	50	2	5	2
340000	55	3	3	parter
471305	72	3	15	10
367100	57	2	2	parter
520000	91	4	4	1
430000	66	3	5	4
233386	38	2	5	parter
194000	38	2	5	2
350000	63	3	4	3
397000	58	2	4	2
280000	54	3	4	4
255000	32	2	5	5
850000	160	4	NaN	NaN
543500	106	3	4	2
690000	88	3	4	2
429000	79	3	5	4
413000	46	3	4	3
450000	110	5	2	NaN
580000	106	3	4	3
0	35	2	5	2
559000	100	3	3	parter
330840	55	3	8	5
470000	112	4	3	NaN
315000	46	2	4	4
990000	180	6	1	NaN
349300	54	3	15	4
340000	63	3	4	2
165000	33	1	3	3
269952	36	1	5	4
429001	43	2	5	5
349000	64	4	11	11
409000	60	3	5	1
485000	60	3	5	3
268385	41	2	7	1
1100000	171	5	4	4
350000	83	3	2	1
747000	84	3	12	7
235000	40	1	3	3
393120	55	1	NaN	3
415000	70	3	4	1
638175	85	4	4	3
249000	42	2	4	1
263018	39	2	5	4
391711	65	3	15	1
460000	120	4	1	parter
559999	74	3	3	3
268385	41	2	7	1
590000	76	4	2	NaN
236596	34	2	2	parter
408430	74	4	5	5
589000	89	4	4	parter
328241	52	3	8	5
378000	78	3	16	2
288064	51	3	5	parter
281176	50	3	4	2
340500	54	2	2	1
520398	75	4	5	2
10000000	104	5	2	NaN
517000	138	4	5	1
320311	54	3	8	1
330000	60	3	5	3
490000	72	4	5	parter
585000	220	6	2	NaN
259000	47	2	10	3
336804	53	2	3	3
341995	56	2	3	1
260000	47	2	10	5
247000	38	2	8	2
299000	54	3	4	3
359260	65	4	5	3
424180	66	4	8	4
269000	38	2	9	4
330110	60	3	5	4
397350	44	2	5	2
299000	60	2	3	2
1099000	260	4	3	NaN
275000	40	2	5	1
770000	180	8	3	NaN
289000	47	3	4	4
320000	49	2	16	12
650000	260	4	3	NaN
265999	42	2	4	3
329441	55	2	15	9
4600000	855	5	2	NaN
690000	143	4	2	NaN
699000	240	4	3	NaN
313362	49	2	7	parter
550000	117	4	2	NaN
587900	69	3	4	1
318000	60	2	3	2
392607	59	4	7	5
499000	140	4	1	parter
330000	60	3	5	3
455348	56	2	4	parter
495782	82	4	15	8
419000	100	5	2	NaN
375000	49	3	4	3
274764	44	2	14	7
406980	48	2	5	2
209973	32	1	3	3
1850000	376	8	2	NaN
0	33	2	5	3
368000	58	3	3	2
307020	43	2	5	2
365000	79	3	2	1
470000	73	4	5	3
376000	47	2	4	1
235000	38	2	12	5
1870000	260	5	2	NaN
790000	160	6	3	NaN
795000	103	4	4	parter
799000	104	4	NaN	2
550000	68	3	5	2
408430	74	4	5	5
169000	29	1	4	1
356160	59	4	8	5
342720	57	3	8	2
579000	97	4	3	3
414739	67	3	15	parter
311185	36	2	5	4
418000	60	2	4	3
254727	45	2	5	2
1200000	100	2	4	2
357000	35	1	6	3
1199000	218	7	2	NaN
217700	30	2	5	1
354496	55	3	7	2
455348	56	2	4	parter
160220	51	3	1	parter
340500	54	2	2	1
311515	51	2	15	4
945000	153	5	2	1
263018	39	2	5	4
319875	51	2	15	7
283989	47	2	15	parter
635000	113	5	4	4
259000	44	2	4	4
499000	90	4	2	1
327097	46	2	5	3
325440	67	3	2	parter
428090	57	3	4	1
439000	86	2	5	3
285533	44	2	2	1
236596	34	2	2	1
382500	45	2	6	1
369000	58	3	4	1
350506	57	3	16	11
356251	57	3	15	13
300425	49	2	6	1
800000	103	4	3	3
260000	38	2	4	4
450000	200	6	2	NaN
450000	74	3	3	parter
355000	59	3	1	1
335000	48	3	4	4
340000	65	3	4	parter
500000	83	3	NaN	parter
368568	68	3	4	4
345240	57	4	8	1
615000	154	5	2	NaN
389000	66	3	4	1
280000	52	2	2	parter
284618	41	2	4	3
249048	34	2	2	2
297421	50	2	16	3
293178	51	3	5	4
275000	49	2	15	13
515000	125	5	1	NaN
195000	31	1	3	parter
1650000	106	4	NaN	parter
475000	55	2	12	12
337467	54	3	15	3
262472	46	3	5	3
263144	46	3	4	2
411901	57	2	5	1
428090	57	3	4	1
273951	53	2	2	parter
243306	38	2	7	7
440000	102	4	2	NaN
193772	30	1	5	3
371000	47	2	4	4
488000	120	4	4	2
280000	54	3	4	4
719995	149	5	2	NaN
298000	50	2	5	5
759000	220	4	NaN	NaN
279000	62	3	4	4
429000	64	4	2	2
438750	65	3	4	3
350506	57	3	16	11
0	69	3	5	parter
334360	51	3	3	1
341850	53	3	7	parter
428000	43	3	6	3
424000	85	4	1	1
429000	45	2	4	3
230000	41	2	NaN	11
904041	100	3	5	parter
259900	65	3	2	1
904041	100	3	5	parter
333699	54	3	7	parter
699000	215	6	3	NaN
319875	51	2	15	7
595000	264	6	2	NaN
549000	85	4	4	parter
423926	66	4	8	7
750000	132	3	5	4
569000	145	4	4	2
249000	43	2	4	1
424008	72	4	4	1
476000	136	4	4	2
310000	47	3	4	1
256816	45	3	5	parter
299000	48	3	4	2
528705	139	5	2	NaN
375408	56	3	5	parter
341704	56	3	15	9
499000	88	3	3	3
399000	64	3	3	3
287000	48	3	10	2
460248	72	4	8	6
638175	85	4	4	3
0	36	2	5	4
520000	129	4	NaN	1
425000	85	4	10	6
332145	54	3	8	1
310584	54	2	2	1
380000	167	4	1	NaN
3000	68	3	NaN	2
303863	36	2	5	3
370205	55	3	3	1
1550000	185	4	1	NaN
363000	60	3	2	parter
328241	53	3	8	6
620000	140	5	2	NaN
266880	44	2	5	parter
2400000	600	7	NaN	NaN
368000	64	3	1	parter
720000	240	5	2	NaN
382500	45	2	6	1
1049000	160	6	2	NaN
546462	86	4	3	parter
320000	65	4	4	4
468000	108	4	2	NaN
749000	150	5	2	NaN
317465	51	3	14	1
355000	47	3	4	3
565000	260	7	4	NaN
432000	72	4	4	1
227766	24	1	4	1
275000	49	2	4	parter
237405	35	1	5	parter
900000	150	6	3	NaN
1490000	175	4	2	NaN
295555	45	2	5	1
295000	48	3	4	1
442150	57	2	5	2
535000	112	4	5	1
305775	45	2	5	4
344152	67	3	2	parter
1449999	200	6	2	NaN
269000	37	2	10	3
357695	55	3	7	parter
299000	47	3	4	2
374227	59	3	15	11
220000	36	2	NaN	parter
270000	37	2	NaN	6
499000	153	4	2	NaN
210000	33	1	NaN	NaN
417700	67	3	2	parter
259000	38	2	4	4
669000	200	5	4	NaN
425000	56	3	3	3
537264	65	3	5	3
415830	50	2	5	1
875000	174	5	2	NaN
193772	30	1	6	3
189000	29	1	5	5
360000	41	2	5	5
430000	63	2	4	1
479500	57	2	5	parter
564000	120	5	2	parter
539000	83	3	3	3
284000	50	2	3	3
383950	54	2	5	4
280000	48	3	4	4
235000	43	2	3	parter
282994	54	2	2	parter
285000	47	3	4	4
194000	38	2	5	2
404965	73	3	3	2
799000	296	6	2	NaN
368568	68	3	4	4
990000	315	7	2	NaN
195000	35	2	3	parter
265000	33	2	5	5
390000	55	2	5	2
559000	92	4	2	NaN
344017	51	3	15	5
499000	64	3	4	1
1156054	103	4	4	parter
366316	53	3	5	3
355000	47	2	5	1
129000	45	2	3	2
564900	97	4	4	3
349011	59	3	4	parter
315000	42	2	10	3
450000	100	4	2	NaN
394000	68	3	6	5
428090	57	3	4	1
269000	38	2	10	7
270000	46	2	4	1
129000	53	2	5	5
840000	232	4	2	NaN
280952	50	3	5	3
266448	47	3	5	1
460000	78	4	1	parter
306340	45	2	5	parter
250000	42	2	10	parter
899000	162	5	2	NaN
299000	49	2	16	2
549000	90	3	1	parter
308495	56	4	5	5
227000	50	2	3	parter
299000	45	2	5	4
357692	64	3	2	2
1000000	298	6	NaN	NaN
395000	42	2	5	5
285534	44	2	2	1
313000	49	2	4	3
327999	48	3	10	1
285000	57	2	2	2
475000	96	3	4	2
197000	36	1	4	parter
368568	68	3	4	4
328241	53	3	8	2
329422	54	3	8	6
520236	61	3	5	2
469131	67	4	NaN	4
330000	49	2	5	3
2300000	330	6	1	NaN
460000	49	2	4	1
429000	63	3	NaN	parter
339200	53	3	1	3
396416	52	1	5	1
380000	67	2	4	1
602237	93	4	5	4
396416	52	1	5	1
849999	301	6	3	NaN
281000	35	1	4	parter
349668	44	2	6	2
410665	71	3	15	2
760000	127	5	5	1
876000	146	4	5	3
389000	61	3	4	3
2300000	290	5	1	NaN
580000	219	5	3	NaN
428885	45	2	5	1
579000	96	4	2	NaN
0	51	3	5	3
356265	54	3	7	5
401000	45	3	5	1
797000	100	4	2	2
300000	50	2	10	3
337392	51	2	13	12
769000	275	6	3	NaN
236000	48	2	3	parter
420000	51	2	5	2
320000	61	2	3	parter
305000	55	2	6	1
313000	49	2	4	3
302887	49	2	7	4
319000	48	3	4	parter
354496	55	3	7	2
465000	70	3	4	parter
359988	54	3	7	5
3559725	60	3	4	4
368110	64	3	2	2
408430	74	4	5	5
249048	34	2	2	2
302038	51	2	16	3
220668	29	1	5	5
263000	42	2	10	parter
274763	44	2	15	5
374018	59	3	15	3
268385	41	2	7	1
275000	44	2	5	4
396416	52	1	5	1
472000	74	4	5	2
245830	39	2	NaN	2
346000	58	2	3	1
253500	38	2	6	2
268385	41	2	7	1
434843	73	3	15	1
990000	127	4	2	NaN
325000	64	4	11	3
0	53	3	5	2
533000	59	2	4	2
278064	49	2	4	1
400700	70	3	4	1
530000	270	5	3	NaN
245000	30	1	NaN	1
305000	53	2	6	parter
235000	34	2	7	3
335000	63	3	4	3
259000	38	2	4	parter
348127	57	4	8	6
1899000	375	5	2	NaN
330000	49	2	4	parter
349000	55	2	4	3
269000	67	3	4	1
310000	47	3	NaN	NaN
310584	54	2	2	1
275000	49	2	16	13
200000	27	1	12	3
437680	54	2	5	2
347000	47	2	9	8
356160	59	4	8	3
319875	51	2	15	8
474912	72	3	14	14
411901	57	2	5	1
374995	69	3	4	parter
900000	220	6	2	NaN
285000	50	2	4	1
342720	57	3	8	2
311304	45	2	5	parter
549000	106	3	4	2
279840	50	3	5	2
645000	220	8	3	NaN
397300	58	2	4	2
595296	124	5	3	1
312120	61	2	5	parter
319875	51	2	15	7
720000	72	3	3	parter
237900	32	1	11	parter
801583	68	3	5	3
490000	69	3	4	3
315000	69	3	NaN	1
390000	68	3	2	2
329000	63	3	4	3
560000	180	6	3	NaN
389610	59	4	7	4
269000	52	2	2	parter
949000	280	5	4	NaN
729000	252	5	3	NaN
307026	55	4	5	4
249048	34	2	2	1
480000	69	3	3	parter
280000	47	3	NaN	7
688000	111	4	2	2
429000	79	3	4	4
379999	68	3	2	2
313000	49	2	4	3
395604	59	4	7	6
335000	57	1	3	parter
262136	46	3	5	parter
396416	52	1	5	1
411901	57	2	5	1
250200	41	2	8	2
269000	44	2	4	4
302887	49	2	7	4
850000	75	3	5	5
318384	48	3	7	2
282951	40	2	15	5
194000	38	2	5	2
0	36	2	5	parter
240000	45	2	4	parter
383950	54	2	5	4
650	50	3	3	1
324608	50	3	8	2
259000	38	2	4	4
745000	197	6	NaN	NaN
282549	49	3	5	3
333699	54	3	7	parter
614500	57	2	16	5
205000	27	1	5	1
561000	61	2	10	4
319875	51	2	15	7
460488	71	3	15	8
399000	60	2	5	2
399000	62	3	2	2
299656	53	3	5	1
425000	160	5	2	NaN
1000000	300	6	4	NaN
550000	173	5	3	NaN
346843	57	3	15	3
462000	56	2	6	3
319875	51	2	15	8
659000	78	4	6	1
269000	49	2	16	11
256816	45	3	5	parter
339000	49	2	3	3
0	69	3	5	2
262472	48	3	5	3
318816	51	2	3	parter
449000	66	3	2	1
335343	71	2	6	parter
1470000	158	4	2	1
337370	61	3	4	parter
399000	47	3	9	4
0	36	2	5	1
249000	38	2	12	4
330000	25	1	2	1
275125	47	2	4	1
398853	68	3	4	3
365000	50	3	4	3
237405	35	1	5	parter
283372	45	2	15	14
289000	40	2	4	parter
0	35	2	5	3
359000	64	4	4	parter
1000000	104	5	1	parter
369000	67	3	15	10
282994	54	2	2	parter
1090000	300	8	2	NaN
325000	76	3	2	2
719000	141	5	NaN	NaN
564000	120	4	2	NaN
495000	63	3	3	parter
353379	57	3	16	12
285000	49	2	14	14
799000	250	6	2	NaN
359000	48	2	6	5
235000	55	2	4	2
558000	93	4	4	1
420000	76	2	2	2
278720	41	2	4	1
446040	59	2	5	1
280000	46	2	4	4
562000	79	4	1	1
368712	56	2	6	1
340000	63	3	4	2
218000	39	1	5	2
393120	55	2	5	3
252938	37	4	2	parter
281000	29	1	6	2
344152	67	3	2	parter
520000	143	5	3	NaN
319000	55	3	4	4
740000	178	5	2	NaN
366665	56	3	7	parter
367000	52	2	2	parter
950000	269	6	3	NaN
220668	29	1	5	4
777459	159	5	2	NaN
323340	53	3	8	3
950000	200	6	2	NaN
820000	128	5	NaN	parter
384640	63	2	4	3
185232	36	2	5	parter
290080	51	3	5	2
0	25	1	7	1
418000	84	4	4	parter
350506	57	3	16	11
195000	42	2	3	2
408430	74	4	5	5
1140000	192	6	1	parter
335343	71	2	6	parter
449000	52	2	5	4
233386	38	2	5	parter
325000	64	4	11	3
1449999	200	6	2	parter
325000	45	2	4	4
221918	36	2	5	parter
295000	29	1	5	1
329000	63	3	4	3
520236	61	3	5	2
297632	45	2	4	1
285000	57	2	3	2
393120	55	2	5	3
278064	49	2	4	1
185232	36	2	5	parter
770000	120	3	1	NaN
350506	57	3	16	11
307156	45	2	4	1
0	49	3	8	parter
559000	100	3	3	parter
450000	140	5	2	NaN
320000	59	3	4	4
362880	55	2	5	1
347000	47	2	9	8
289000	42	2	10	4
320000	53	3	4	4
0	36	2	7	6
499000	153	4	2	NaN
341704	56	3	15	9
340000	53	3	10	9
294906	42	2	4	3
307156	45	2	4	1
315000	47	3	4	2
290000	41	2	5	5
295000	61	3	5	4
359000	93	4	5	5
0	53	2	5	parter
345000	65	3	4	4
469000	68	3	5	3
281000	29	1	6	2
378000	78	3	16	2
0	37	2	8	5
656627	50	2	4	2
337524	51	3	7	4
443556	59	3	6	4
415000	57	2	6	5
499000	64	3	4	1
291704	52	3	5	4
274203	44	2	15	4
335343	71	2	6	parter
1350000	270	6	2	NaN
185000	28	1	4	4
285000	47	3	4	4
348000	64	3	4	4
236000	48	2	3	parter
265088	48	2	4	1
286000	47	2	3	3
350784	54	3	7	1
312480	55	4	5	1
393120	55	2	5	3
371782	56	3	15	10
417000	74	3	2	parter
403678	63	3	15	9
359400	56	3	5	1
374556	44	2	5	1
340480	53	3	7	2
445000	102	4	1	parter
193500	38	2	5	2
315000	53	3	4	3
323340	53	3	8	3
570000	54	2	8	8
442000	120	4	2	NaN
500000	120	6	1	NaN
0	36	2	5	4
182000	35	2	4	3
660000	71	3	4	2
250000	35	1	7	1
499999	42	2	5	5
449000	53	2	5	4
328588	46	2	5	4
524160	65	3	5	1
365000	77	3	16	16
1141258	155	2	4	4
491744	77	4	3	1
218000	39	1	5	2
890000	263	7	2	NaN
0	51	3	5	4
950000	300	5	2	NaN
339000	56	2	4	3
474912	72	3	14	14
277098	54	2	2	parter
320000	48	2	4	1
475000	159	4	2	NaN
266448	47	3	NaN	1
245000	37	1	4	2
470093	59	2	5	3
400000	62	3	2	2
200060	28	1	NaN	parter
368712	56	2	6	1
350000	65	4	4	3
1200000	167	6	3	NaN
341850	53	3	7	parter
0	51	3	5	parter
450000	74	3	3	parter
359000	60	3	4	1
742000	53	2	2	1
286000	63	3	11	6
240000	29	1	4	1
350000	50	2	5	3
405840	71	4	15	3
404570	65	3	15	6
338111	51	2	16	15
904041	100	3	5	parter
325000	47	2	15	10
330060	55	3	8	3
564000	120	5	2	parter
235000	40	1	3	3
272000	48	2	2	1
295000	45	2	2	parter
965000	160	4	3	NaN
499000	45	2	5	2
270450	41	2	7	parter
274764	44	2	14	7
363342	44	2	5	1
299000	42	2	5	5
438768	88	4	4	parter
522000	86	3	4	3
771672	97	4	7	7
584803	78	3	4	4
497400	99	3	3	parter
249048	34	2	2	2
546000	126	5	2	NaN
316740	52	3	8	4
440000	49	2	4	1
270000	30	2	4	3
499000	153	4	2	NaN
349332	54	3	7	5
499000	98	4	2	1
333216	46	2	5	3
340000	54	2	5	5
323000	63	3	NaN	4
340000	54	2	5	5
369000	68	3	4	parter
289000	49	2	11	8
268385	41	2	7	1
145000	39	4	NaN	2
480000	175	3	2	NaN
420056	69	3	15	1
820000	128	5	4	1
399000	77	3	16	12
265000	75	7	2	parter
311032	45	2	5	parter
330110	60	3	5	4
395000	53	2	11	5
299999	49	2	3	3
599900	72	3	8	6
759000	180	4	3	NaN
420056	69	3	15	2
313708	47	2	15	4
274000	48	2	3	1
798000	120	5	3	3
410000	60	3	4	4
606171	95	4	8	3
214171	35	2	5	parter
284618	41	2	4	3
241588	35	2	2	2
495000	86	4	2	parter
194000	38	2	5	2
365000	69	4	1	1
275000	40	2	4	1
320096	57	3	5	2
495723	82	4	15	9
350506	57	3	16	11
0	96	3	7	6
399000	60	2	5	3
238747	36	1	16	4
286002	44	2	15	10
489000	53	2	16	5
260876	53	2	5	3
469000	76	4	8	4
396000	70	2	1	NaN
266880	44	2	5	parter
359260	65	4	5	3
284963	52	3	3	parter
242000	37	2	9	2
287931	45	2	15	7
272944	48	3	5	2
410000	59	3	4	4
299000	47	2	4	3
290736	40	2	5	3
224000	33	2	4	4
850000	147	5	2	NaN
295000	50	2	4	4
597494	96	1	4	4
640000	288	6	2	NaN
279000	38	2	4	1
335075	51	3	3	1
290195	45	2	5	1
265000	67	3	4	1
466000	81	4	3	2
285000	49	2	16	14
409713	66	3	15	11
523584	72	3	3	parter
327097	46	2	5	5
411901	57	2	5	1
368568	68	3	4	4
275000	53	3	4	4
349000	51	3	NaN	parter
305000	44	2	3	3
595000	94	4	4	3
283000	47	3	4	3
345865	53	3	7	2
300428	47	3	2	2
352102	50	3	5	parter
350000	48	3	4	parter
345000	61	3	2	parter
304488	42	2	5	5
215000	37	2	4	parter
308237	53	2	2	1
192500	35	1	NaN	1
349000	50	2	4	1
372049	60	3	15	8
198000	28	1	NaN	3
315000	66	3	3	parter
288756	49	2	4	parter
296000	45	2	5	parter
725000	119	4	2	NaN
245718	24	1	4	1
340500	54	2	2	1
288288	51	3	5	1
233386	38	2	5	parter
299000	47	2	15	parter
379999	67	3	4	3
799000	296	6	2	NaN
240000	27	1	4	3
325000	65	3	4	4
519000	141	3	2	NaN
1190000	226	4	2	NaN
349000	50	2	4	3
359000	86	4	2	1
337000	100	4	2	NaN
780000	182	5	3	NaN
277098	54	3	2	parter
299000	54	3	4	3
215000	31	2	11	6
345000	44	2	5	4
372211	61	3	15	6
550000	62	3	11	2
904041	100	3	5	parter
283024	50	3	5	parter
218000	39	1	5	2
428090	57	3	4	1
549000	98	4	5	5
337000	62	4	4	4
315000	42	2	10	3
279000	47	3	10	7
266784	47	3	5	parter
860000	206	6	2	NaN
305000	47	3	4	2
320768	57	3	4	1
719000	180	5	3	NaN
248400	34	1	5	1
475000	85	4	4	4
887760	147	4	5	4
317245	49	2	5	3
649999	86	3	3	2
278000	42	2	6	3
237405	35	1	5	parter
270000	49	2	4	2
324610	49	2	5	4
280000	48	3	4	3
479000	154	6	2	NaN
354416	58	3	2	1
249048	34	2	2	2
1050000	228	4	3	NaN
590000	76	4	2	2
586000	81	2	4	parter
474912	72	3	14	14
219540	24	1	5	5
445299	71	3	15	6
344000	58	3	10	10
499000	64	3	4	1
302985	51	2	15	4
326245	45	2	5	5
399900	74	3	11	9
385000	53	2	11	5
290195	45	2	5	1
625000	105	5	4	3
311570	44	2	5	4
417000	64	3	5	3
245000	40	2	4	3
445000	102	5	2	parter
669999	87	3	4	2
430000	50	2	4	3
0	36	2	7	2
1156054	103	4	4	parter
368712	56	2	6	1
249000	37	2	1	1
382950	85	3	1	parter
395000	67	2	5	1
359000	84	4	1	parter
550000	117	4	1	parter
397350	44	2	5	2
630000	75	3	4	1
1900000	300	6	3	NaN
1000000	103	4	5	1
290000	44	2	4	2
357692	64	3	2	2
283920	50	3	5	3
348117	57	4	8	4
358000	64	3	3	2
230000	34	2	7	5
277500	37	2	5	5
527940	75	4	5	1
285824	51	3	5	1
204450	43	2	5	3
275000	49	2	NaN	parter
299000	42	2	4	3
200000	33	1	3	3
489464	71	4	7	4
529000	72	3	2	1
378465	54	2	5	3
319000	50	3	4	4
395000	62	3	1	1
799000	250	5	2	NaN
413250	72	3	8	parter
335343	71	2	6	parter
410000	57	2	7	5
510000	170	5	2	NaN
217686	29	2	5	1
340501	28	1	5	4
998000	141	6	2	1
188000	29	1	NaN	parter
274764	44	2	14	7
337120	60	3	5	3
349539	52	3	4	4
134000	72	3	1	NaN
399000	61	3	4	1
369000	58	2	3	2
239900	32	1	11	1
450000	224	5	2	NaN
216500	43	2	5	3
233386	38	2	5	parter
3500000	346	4	2	NaN
328999	66	3	5	3
309000	80	3	4	4
240357	35	2	2	1
410000	60	3	4	4
335000	63	3	4	2
193772	30	1	5	3
433688	71	3	15	3
328588	46	2	5	2
218322	37	1	4	3
380000	49	2	6	6
419000	95	3	4	3
419999	70	3	2	1
350000	65	3	4	4
307499	48	2	15	10
565000	65	3	6	1
437680	54	2	5	2
294906	42	2	4	3
314000	57	3	NaN	4
399000	52	3	1	1
222000	51	2	10	parter
258921	39	2	8	parter
194000	38	2	5	2
219000	30	2	11	6
327787	51	2	15	11
235000	32	1	10	10
304488	42	2	5	4
510000	68	3	4	2
287000	53	3	4	3
350464	54	3	7	3
790000	240	7	3	NaN
485000	73	4	2	parter
0	35	2	5	2
309000	48	3	4	3
315000	47	3	4	2
765000	156	2	1	NaN
699000	300	7	3	NaN
357084	61	3	4	3
291182	45	2	15	8
285000	52	2	11	11
193772	30	1	5	3
354000	71	4	2	parter
1156054	103	4	4	parter
650000	200	4	1	NaN
193500	38	2	5	2
770000	320	7	3	NaN
499000	153	4	2	NaN
279000	43	2	5	3
320000	49	2	16	12
798000	296	6	2	NaN
799000	339	7	2	NaN
328646	53	3	15	1
282000	46	2	15	4
0	73	3	5	5
330000	56	2	NaN	3
349332	54	3	7	5
495000	70	3	4	2
340480	53	3	NaN	parter
411901	57	2	5	1
230000	30	2	NaN	7
362986	58	3	15	parter
990000	240	5	2	NaN
375804	56	3	5	parter
290500	47	1	4	2
416110	71	4	4	1
390000	68	3	2	2
550000	73	3	7	5
299000	35	2	5	4
288000	44	2	4	2
211481	28	1	5	5
310584	54	2	2	1
114900	46	2	3	3
450000	88	4	4	1
372049	60	3	15	9
374227	59	3	15	13
585000	94	3	NaN	parter
430000	63	2	4	1
193772	30	1	5	3
350784	54	3	7	4
336000	49	2	3	3
243144	24	1	4	1
329423	54	3	8	5
233386	38	2	5	parter
688000	111	4	2	2
320739	56	3	4	1
193950	38	2	5	1
354000	46	2	8	8
320295	48	2	4	2
362880	55	2	5	1
299000	52	2	4	4
418880	49	1	4	2
0	63	3	5	2
319000	48	3	4	1
371432	60	3	15	13
1300000	240	5	3	NaN
339000	47	2	5	2
341878	55	3	3	2
233386	38	2	5	parter
340000	39	2	4	4
429000	70	3	4	4
293857	38	1	5	3
899000	252	4	4	NaN
304920	46	2	4	1
292804	41	2	NaN	1
337120	60	3	5	3
279790	39	2	5	parter
285000	42	2	5	2
1300000	90	2	3	3
559000	153	5	2	NaN
389000	67	2	3	parter
890000	90	3	1	parter
1199300	260	5	2	NaN
350464	54	3	7	2
349332	54	3	7	5
519126	83	3	16	15
219000	42	2	4	2
950000	300	5	2	NaN
337524	51	3	7	1
930000	75	2	2	2
276000	41	2	4	3
280390	50	3	5	4
245000	47	2	10	8
399000	211	5	2	NaN
195000	30	1	3	1
300428	47	3	2	2
379000	68	2	3	1
423000	45	2	5	1
490000	67	3	NaN	4
385000	102	4	2	NaN
410000	160	5	2	NaN
385000	75	3	3	3
495000	60	2	3	3
274764	44	2	14	7
408430	74	4	5	5
405000	70	3	4	2
480000	51	2	5	2
710000	189	6	2	NaN
455348	56	2	4	parter
185232	36	2	5	parter
359000	68	2	4	2
238747	36	1	15	4
895000	240	6	3	NaN
286002	44	2	15	13
215000	29	1	5	3
0	76	3	5	5
320281	45	2	5	4
449000	53	2	5	4
403600	100	4	1	1
205000	27	1	12	4
411901	57	2	5	1
379000	68	3	2	2
420000	70	3	4	3
299000	37	2	1	parter
374556	44	1	5	1
310000	48	2	4	1
375216	61	3	15	1
280000	47	3	4	2
265000	48	3	4	3
366665	56	3	7	parter
393120	55	2	5	3
409000	62	3	4	1
315000	42	2	4	4
233386	38	2	5	parter
408430	74	4	5	5
404965	73	3	3	2
499000	64	3	4	1
274764	44	2	14	7
263000	35	2	3	1
455348	56	2	4	parter
600425	68	3	7	3
280000	48	2	15	4
549000	67	3	5	2
325000	130	3	2	NaN
400000	42	2	6	3
744523	73	2	2	parter
493966	77	4	3	parter
569000	118	4	NaN	parter
1190000	200	5	2	NaN
241588	35	2	2	parter
1190000	263	5	NaN	NaN
259000	47	3	4	4
332410	51	3	15	4
350000	37	2	5	5
243144	24	1	4	1
350784	54	3	7	3
742000	53	2	2	1
308237	53	2	2	1
349011	59	3	4	1
430000	63	2	4	1
299000	146	6	2	NaN
340000	63	3	3	parter
211481	28	1	5	2
450000	150	4	1	NaN
0	36	2	5	parter
245000	27	1	12	12
214378	28	1	5	4
284618	41	2	4	3
233386	38	2	5	parter
319875	51	2	15	7
337120	60	3	5	3
290736	40	2	5	4
430000	85	5	4	4
236595	34	2	3	1
480051	48	2	4	1
200000	28	1	5	poddasze
799000	296	6	2	NaN
610000	86	4	5	5
380931	66	3	3	3
334600	59	4	5	parter
775000	218	5	2	NaN
198000	28	1	4	3
562000	79	4	1	1
233914	31	1	5	5
415000	78	4	NaN	3
399000	61	3	4	1
550000	143	4	2	NaN
392607	59	4	7	5
275125	47	2	4	1
336500	54	2	2	parter
840000	232	4	2	NaN
230000	38	2	10	8
1290000	290	7	2	NaN
599000	150	4	2	NaN
265000	50	2	4	4
274344	48	2	5	2
408430	74	4	5	5
199999	34	1	3	1
618933	85	4	5	4
275000	50	2	2	2
247220	52	2	5	2
368778	59	3	15	4
385000	84	3	3	2
455348	56	2	4	parter
231715	44	2	4	parter
308495	56	4	5	5
359000	61	2	4	3
232947	39	2	4	1
600000	56	2	5	5
274365	46	2	4	2
295000	44	2	3	parter
335000	64	3	2	1
660000	130	4	2	NaN
259000	44	2	4	4
460000	120	4	2	NaN
855000	170	3	NaN	NaN
398000	75	3	1	parter
458000	51	2	5	2
890000	204	6	3	NaN
370000	74	4	4	2
270449	41	2	7	parter
380931	66	3	3	3
1849000	280	7	3	NaN
4500000	1100	6	1	NaN
350784	54	3	7	1
298760	53	3	5	2
334400	41	2	5	1
289000	43	2	10	3
307156	45	2	4	1
347182	80	4	1	1
720000	230	8	4	NaN
399000	63	2	2	parter
330000	59	2	3	parter
599000	135	4	2	NaN
130000	25	1	4	4
335988	49	2	7	1
349000	64	4	11	11
300852	49	2	6	2
729000	110	5	2	NaN
337524	51	3	7	4
328999	66	3	5	3
240240	26	1	4	1
365000	47	2	3	1
0	51	3	5	2
541500	67	3	5	4
193772	30	1	5	3
193772	30	1	5	3
499000	62	3	5	parter
279000	49	2	16	13
309000	54	3	1	NaN
520000	73	3	5	4
350000	63	3	4	2
0	60	3	8	5
399000	66	3	7	5
277000	46	3	4	parter
305670	44	2	7	3
249000	38	2	12	5
277098	54	3	2	parter
337524	51	3	7	4
690000	270	7	3	NaN
341704	56	3	15	9
375000	67	3	4	parter
285533	44	2	2	1
351475	67	3	2	parter
337524	51	3	7	2
193772	30	1	5	3
229900	40	2	3	parter
285000	41	2	4	3
300000	65	2	4	2
1200000	320	4	3	NaN
320416	51	3	3	NaN
359000	56	3	2	2
380910	59	3	15	14
381066	44	2	5	4
346900	65	3	15	1
359000	80	4	3	parter
429000	80	4	2	NaN
286000	29	1	6	2
249900	38	2	12	5
580000	96	4	3	3
337300	51	3	6	1
269000	44	2	4	4
230835	41	2	4	parter
298717	48	2	15	2
670000	320	8	2	NaN
262136	46	3	5	parter
484731	82	5	4	parter
412074	52	2	5	parter
485000	165	5	3	NaN
529000	72	3	2	1
420000	56	3	5	2
379000	52	2	5	3
278000	63	3	6	1
399000	62	3	5	3
696000	240	6	4	NaN
421049	72	4	15	1
337524	51	3	7	parter
356160	59	4	8	5
302038	51	2	15	3
299000	44	2	4	parter
268098	49	2	4	parter
241600	35	2	2	parter
1470000	158	4	2	NaN
259000	37	2	11	3
579000	80	3	1	parter
500000	170	5	2	NaN
396416	52	1	5	1
408430	74	4	5	5
527940	75	4	5	4
368359	60	3	15	2
580000	200	5	2	NaN
650000	161	5	1	NaN
379900	41	2	5	5
450000	125	5	1	parter
0	104	4	7	5
355000	59	3	4	2
280952	50	3	5	3
195000	42	2	2	2
799000	290	6	2	NaN
335000	49	2	5	4
331826	54	3	15	1
309000	47	3	4	1
338000	57	2	3	3
351475	67	3	2	parter
670000	320	7	1	NaN
332410	51	3	5	1
396416	52	1	5	1
320000	36	2	5	2
440000	49	2	4	1
249000	43	2	4	1
329000	51	2	4	3
240000	39	1	3	1
0	47	2	5	5
520000	98	4	2	1
290000	51	2	3	3
339200	53	3	7	1
399000	61	3	4	1
338912	60	3	4	2
360000	51	2	4	1
590000	180	5	3	NaN
649570	76	4	6	6
665000	71	3	5	2
380091	56	3	4	2
282520	50	3	5	1
329423	54	3	8	5
690000	100	5	4	1
237900	32	1	10	parter
271341	37	2	5	3
299000	59	2	4	2
353379	57	3	16	12
295000	47	2	16	1
339282	55	3	8	7
690000	74	3	3	3
460000	78	4	2	NaN
368568	68	3	4	1
296000	45	2	5	parter
368568	68	3	4	4
380000	59	3	4	4
1199000	392	8	2	NaN
0	70	3	5	3
0	35	2	5	4
496740	58	3	6	6
315810	48	2	9	8
392607	59	4	7	5
539000	110	4	4	2
637135	80	3	7	7
585000	120	5	4	2
404965	73	3	3	2
459000	88	4	3	2
760000	270	6	2	NaN
277501	44	2	15	7
745000	149	6	4	2
320739	56	3	4	1
240000	46	2	5	parter
300000	48	3	4	1
629000	49	2	5	1
342720	57	3	8	2
326000	39	2	3	1
350000	71	4	4	4
1749000	243	5	1	NaN
695000	195	5	2	NaN
185232	36	2	5	parter
570000	99	4	3	2
296000	53	2	3	1
320311	54	3	8	1
383928	56	3	5	3
428090	57	3	4	1
465101	102	4	4	1
559000	85	4	5	4
288489	37	1	4	1
296000	37	2	8	6
354000	49	2	5	1
282994	54	2	2	parter
379000	56	2	4	parter
870000	290	7	2	NaN
307880	51	3	15	parter
322490	46	2	5	2
378000	41	2	4	2
389000	46	2	3	1
351475	67	3	2	parter
298000	54	3	4	4
0	33	2	5	parter
287000	50	3	10	2
360000	66	4	10	parter
371432	60	3	15	11
710000	280	6	2	NaN
445000	101	5	2	2
181427	18	1	5	parter
339808	60	3	5	3
159200	27	1	2	parter
450000	74	3	3	parter
239000	38	2	11	11
404261	64	3	15	12
236595	34	2	2	2
746787	94	3	7	7
305361	68	3	2	parter
275000	63	2	4	4
114900	46	2	3	3
650000	260	6	2	NaN
410000	57	2	5	5
262136	46	3	5	parter
520000	108	4	3	parter
348117	57	4	8	7
520000	91	4	4	1
342760	41	2	5	3
249048	34	2	2	2
850000	100	4	2	NaN
267546	41	2	4	2
475000	109	4	3	NaN
368568	68	3	4	4
265000	38	2	4	1
339000	54	2	4	2
364706	59	3	15	7
345000	65	3	4	4
330840	55	3	8	5
236596	34	2	2	1
240000	39	2	3	1
328646	53	3	15	2
699999	52	3	4	parter
411901	57	2	5	1
350000	61	2	5	5
314000	35	1	5	parter
324000	46	2	5	5
230000	38	2	12	8
330000	49	2	3	2
385000	53	2	2	2
602237	93	5	5	1
280000	46	2	4	4
300428	47	3	2	parter
250000	51	2	4	parter
309000	48	3	16	13
374556	44	1	5	1
368246	52	3	3	2
263000	47	2	16	10
302887	49	2	7	4
185232	36	2	5	parter
300514	51	2	4	1
424430	67	3	15	2
337524	51	3	7	4
280974	49	3	5	2
950000	192	6	2	1
185232	36	2	5	parter
250000	47	2	3	1
354722	56	3	15	7
949000	202	5	3	NaN
399000	63	3	4	4
348117	57	4	8	4
353438	49	2	5	2
799000	205	6	4	NaN
280950	50	3	4	3
679000	176	4	1	NaN
355000	55	2	4	parter
351475	67	3	2	parter
145000	25	1	NaN	3
270449	41	2	7	parter
480000	59	2	11	1
427060	70	2	4	3
661177	61	2	5	5
690000	107	4	11	5
249000	44	2	10	8
231660	42	2	4	parter
479000	70	3	3	3
275000	37	2	4	1
345000	50	2	3	3
182000	24	1	10	8
330368	51	2	15	12
0	36	2	5	4
599000	93	4	4	3
226581	24	1	5	1
0	53	3	5	3
740000	93	4	5	1
314900	41	2	3	2
360000	68	4	11	3
320281	45	2	5	3
367000	52	2	2	parter
355000	53	3	11	9
699000	170	6	2	NaN
428090	57	3	4	1
331456	51	2	3	parter
638175	85	4	4	3
339000	48	2	3	parter
299000	37	2	NaN	2
379000	64	4	4	3
259000	48	3	4	1
319875	51	2	15	7
980000	185	4	2	NaN
236596	34	2	2	1
368110	64	3	2	2
411901	57	2	5	1
300428	47	3	2	2
1250000	199	5	NaN	NaN
333000	55	3	3	parter
570000	54	2	8	8
215000	100	5	1	NaN
595000	165	6	2	NaN
278000	40	2	4	3
330000	59	3	4	4
325300	53	3	16	3
750000	54	2	NaN	9
350000	83	3	2	1
308237	53	2	2	1
261000	26	1	5	1
320539	51	3	15	3
340500	54	2	2	1
368712	56	2	6	1
815000	160	4	3	NaN
249048	34	2	2	2
345800	53	3	7	1
356160	59	4	8	2
360000	40	2	5	4
220210	36	2	5	parter
395000	76	3	4	parter
354416	58	3	2	1
619000	69	3	5	3
0	36	2	5	1
363000	54	2	3	parter
285000	51	3	NaN	parter
1900000	88	3	2	NaN
237405	35	1	5	parter
225000	36	2	4	3
259850	46	3	3	parter
319000	63	3	4	4
327000	47	3	4	2
440000	67	3	4	2
330000	68	2	2	parter
321812	51	2	15	8
285000	56	3	10	2
520000	92	4	2	1
339000	64	4	11	11
539000	86	3	4	2
379000	62	3	1	1
1090000	165	5	2	NaN
328241	53	3	8	2
328995	51	2	5	parter
340919	56	3	15	parter
233799	38	1	2	parter
308237	53	2	2	1
219000	47	1	4	4
384038	73	3	5	2
268385	41	2	7	1
839000	182	8	2	parter
771672	97	4	7	7
375000	70	4	3	parter
230156	24	1	5	1
520000	98	4	2	1
348000	71	4	3	3
289000	48	2	15	4
440846	71	3	15	4
273497	43	2	5	4
495000	100	4	1	1
379000	56	2	4	parter
232245	39	2	4	2
699000	137	4	NaN	NaN
519000	70	3	4	1
368712	56	2	6	1
237405	35	1	5	parter
274344	48	2	5	2
330000	49	2	3	2
243000	38	2	10	10
350464	54	3	7	2
210000	30	1	4	1
299000	74	4	1	1
393120	55	2	5	3
336825	54	3	15	2
399000	47	2	11	2
2490000	340	7	2	NaN
349000	64	3	4	4
355000	47	2	5	1
285000	49	2	16	14
215740	32	1	4	parter
308237	53	2	2	1
433134	74	4	4	parter
249000	43	2	4	1
292383	46	2	7	parter
448878	71	3	15	7
345800	33	1	3	1
308756	49	2	15	8
224000	32	1	16	14
376399	62	3	15	11
290195	45	2	5	1
432549	73	4	4	1
699000	154	5	2	NaN
349000	49	2	5	1
0	25	1	7	2
264000	47	2	16	10
475000	85	4	4	4
579999	56	2	5	5
188000	29	1	NaN	parter
690000	100	5	4	1
200000	29	2	4	1
290000	47	2	15	11
330000	57	2	3	parter
374018	59	3	15	2
229000	32	2	3	poddasze
305000	44	2	2	1
742000	53	2	3	1
302701	47	2	15	2
0	35	2	5	1
305353	50	2	15	parter
345000	48	2	3	3
329817	64	3	4	parter
308495	56	4	5	5
395000	53	2	11	5
369000	68	3	4	parter
274344	48	2	5	2
273497	43	2	5	2
321440	57	4	5	1
265000	30	1	5	2
365900	64	3	4	4
437680	54	2	5	2
385000	53	2	11	5
680000	71	3	5	2
255000	47	2	15	8
685000	240	5	3	NaN
356160	59	4	8	5
1240000	80	2	11	8
220210	36	2	5	parter
240000	41	2	4	3
295362	48	2	8	parter
292712	52	3	5	3
195000	35	1	3	3
336500	54	2	2	parter
337120	60	3	5	3
898000	137	5	2	1
599000	120	4	2	NaN
336825	54	3	15	3
495782	82	4	15	8
275000	47	2	16	13
337524	51	3	7	4
498000	147	4	2	NaN
1050000	228	4	2	NaN
335000	52	2	4	4
220210	36	2	5	parter
700000	134	4	2	NaN
285000	43	2	10	7
671000	50	2	1	NaN
328241	53	3	8	2
372025	60	3	15	3
299000	48	2	5	parter
284618	41	2	4	3
357240	54	3	7	4
193772	30	1	5	3
399000	120	5	NaN	NaN
300985	35	2	5	3
332145	54	3	8	1
710000	120	4	2	NaN
570000	75	3	NaN	NaN
300428	47	3	2	2
235000	38	2	4	parter
263018	39	2	5	4
0	53	3	5	4
267702	45	2	15	3
278720	41	2	4	2
522000	86	3	4	3
409475	74	4	6	5
329000	51	2	5	parter
411901	57	2	5	1
719290	110	6	NaN	2
395000	47	2	3	2
250000	38	2	10	6
282994	54	2	2	parter
559000	130	4	2	NaN
411901	57	2	5	1
377470	32	1	5	2
233386	38	2	5	parter
364706	59	3	15	5
876000	146	4	5	4
240000	41	2	4	3
289000	48	2	10	7
307156	45	2	4	1
1285713	300	6	2	NaN
335000	56	2	4	4
280000	48	3	4	4
263000	42	3	4	4
330000	61	4	4	2
440000	84	4	4	parter
245466	41	2	4	1
480051	48	2	4	1
307035	55	3	5	4
285600	51	3	5	parter
445000	101	5	3	NaN
290736	40	2	5	5
239000	38	1	4	2
283000	47	3	4	3
475000	90	4	2	1
550000	96	4	4	3
282994	54	2	2	parter
282000	46	2	15	4
289000	51	2	4	1
287118	49	2	4	1
359000	67	3	3	parter
4499999	1100	6	1	NaN
570000	75	3	8	4
234288	32	1	5	2
345648	60	3	4	2
0	54	3	5	5
305361	68	3	2	parter
259930	47	2	4	parter
349539	52	3	4	4
750000	96	4	5	5
319875	51	2	15	7
377995	78	3	16	2
277098	54	3	2	parter
315000	50	2	4	3
1550000	320	5	3	NaN
205000	32	1	10	9
437680	54	2	5	2
242837	42	2	4	2
259000	41	1	4	3
630000	180	6	2	NaN
335000	59	2	3	parter
310584	54	2	2	1
235000	44	3	4	4
299000	42	2	5	5
240796	32	1	5	5
405000	75	3	3	1
550000	117	4	2	NaN
337524	51	3	7	4
368000	53	2	4	4
328241	53	3	8	3
344152	67	3	2	parter
329382	56	3	3	1
245000	38	2	NaN	2
295362	48	2	8	parter
720000	144	4	4	2
260000	43	2	3	3
195000	41	2	2	1
259000	37	2	4	3
262000	44	2	10	2
330393	55	2	15	12
329000	63	3	4	3
253288	45	3	5	4
292804	41	2	5	1
311406	43	2	5	5
549000	70	4	5	1
411901	57	2	5	1
1250000	300	6	3	NaN
254000	28	1	7	3
346624	54	3	7	2
405000	71	4	4	2
214171	35	2	5	parter
274764	44	2	14	7
1270000	97	3	2	2
380000	48	3	4	parter
730000	73	2	4	1
364733	62	3	8	2
240000	45	2	4	parter
499000	64	3	4	1
849000	138	4	2	NaN
346622	48	2	5	3
289258	42	2	5	1
349000	64	3	10	3
271341	37	2	5	4
369000	67	3	4	parter
250000	38	2	12	5
2300000	290	5	1	NaN
360000	48	2	5	1
354000	78	3	16	16
284000	64	2	5	2
375000	48	3	4	3
392607	59	4	7	5
287296	42	2	6	2
272873	41	2	4	1
269000	48	3	4	2
945000	138	5	3	NaN
408430	74	4	5	5
750000	185	5	2	NaN
680000	197	6	2	NaN
482000	74	4	5	4
519000	140	5	2	NaN
425000	170	6	2	NaN
490000	71	3	2	2
284618	41	2	4	3
263018	39	2	5	4
260000	38	2	10	5
339000	49	2	3	3
380091	56	3	4	2
283400	43	2	4	parter
325000	44	3	5	3
325823	53	3	4	1
353379	57	3	16	12
253498	38	2	7	2
350000	64	3	1	parter
359000	93	4	5	5
302887	49	2	7	4
370000	63	2	2	parter
300428	47	3	2	2
0	35	2	5	3
295000	48	3	4	1
215000	37	2	4	parter
271824	48	3	5	3
320311	54	3	8	2
244000	38	2	14	10
660000	216	6	3	NaN
699000	150	6	2	NaN
120000	36	2	5	2
405000	77	3	11	2
239000	27	1	12	12
379000	87	3	3	parter
311975	49	2	7	1
917000	148	4	2	NaN
378000	78	3	16	2
214000	34	1	3	1
281000	29	1	6	6
175000	32	2	1	parter
320311	54	3	5	1
1300000	200	7	3	NaN
194000	38	2	5	2
360000	77	3	16	16
369000	68	3	4	parter
370205	55	3	3	1
260000	38	2	4	1
264824	47	3	5	3
194000	38	2	5	2
429995	84	5	4	4
337524	51	3	7	2
268385	41	2	7	1
280000	43	2	6	3
307026	55	4	5	4
255000	50	2	5	4
259000	26	1	8	8
269000	49	2	3	3
205000	27	1	12	4
449000	54	2	5	4
431102	51	2	2	1
870000	290	7	2	NaN
760000	96	4	4	1
290387	26	1	5	2
239000	37	2	10	9
827000	62	3	16	7
849000	126	4	2	NaN
279000	46	3	5	parter
380000	167	4	1	NaN
360000	79	3	16	16
660000	260	6	3	NaN
599000	200	7	3	NaN
1090000	300	8	2	NaN
1366410	140	1	4	parter
245000	27	1	12	12
279000	48	3	4	4
401000	44	3	4	1
285000	49	3	10	7
275000	39	2	5	5
599000	340	7	3	NaN
564587	72	3	5	1
348117	57	3	8	5
355000	77	3	15	5
725000	72	3	9	parter
411901	57	2	5	1
270000	47	2	4	1
380931	66	3	3	3
340000	63	2	4	1
990000	315	6	NaN	NaN
369000	59	3	4	3
282994	54	2	2	parter
340000	54	2	5	5
372211	61	3	15	5
415000	57	2	6	5
370000	63	2	2	parter
420000	85	3	2	1
284082	50	3	5	2
282994	54	2	2	parter
560000	220	6	2	NaN
247442	51	2	5	2
260000	38	2	4	1
195000	42	2	2	2
380000	67	3	4	3
321650	45	2	5	3
549000	197	3	3	NaN
295000	65	2	4	2
470093	59	2	5	3
340480	53	3	NaN	parter
233386	38	2	5	parter
325248	49	3	5	1
277098	54	3	2	parter
1290000	220	5	2	NaN
1350000	220	7	4	NaN
280000	45	2	2	parter
450000	90	4	1	1
454420	62	3	5	4
485000	56	1	3	1
282420	44	2	15	9
416166	71	3	15	1
864763	78	2	5	5
399000	55	2	4	2
579000	107	4	3	parter
280670	44	2	15	9
200000	29	2	4	1
274050	39	2	4	4
308495	56	4	5	5
346055	54	3	15	10
407100	44	2	6	3
190000	32	1	10	6
250000	35	1	4	2
379000	66	3	3	1
839000	182	8	3	NaN
399000	61	3	3	1
350000	63	3	4	1
980000	192	6	2	1
864763	78	2	5	5
339282	55	3	8	7
274645	40	2	5	parter
315000	54	2	3	parter
580000	77	3	2	2
375000	48	2	4	1
690000	143	4	2	NaN
1500000	172	6	4	3
315458	44	2	7	6
335988	49	2	7	1
321285	53	2	4	3
385000	67	3	2	1
329837	59	4	5	3
296000	46	2	5	parter
830000	239	7	1	NaN
362880	55	2	5	1
365000	71	3	2	1
300000	68	3	4	4
685000	127	4	2	NaN
285000	59	2	4	2
221918	36	2	4	parter
365000	120	4	2	NaN
228000	34	1	5	parter
285534	44	2	2	1
450000	100	5	1	parter
229000	35	1	4	2
274344	48	2	5	2
275125	47	2	4	1
499000	150	4	3	NaN
334752	50	3	7	parter
355000	64	3	10	3
175000	38	1	4	1
349668	44	2	6	2
360000	60	2	4	2
300428	47	3	2	2
638175	85	4	4	3
949000	280	5	4	NaN
448769	70	3	5	parter
255000	53	2	2	parter
438750	65	3	4	3
295000	60	2	3	3
579000	107	4	2	parter
185232	36	2	5	parter
269000	34	2	3	1
277600	40	2	5	3
368712	56	2	6	1
320311	54	3	8	1
225000	65	3	NaN	parter
535000	112	2	1	NaN
254000	38	2	12	5
286462	49	3	5	4
359260	65	4	5	3
1555200	144	4	2	2
160000	27	2	NaN	parter
638175	85	4	4	4
350000	50	3	4	3
380000	53	2	NaN	NaN
301392	51	2	4	parter
342000	56	2	NaN	1
279000	49	2	NaN	13
364706	59	3	15	6
280000	48	3	4	3
330060	55	3	8	5
370266	47	2	5	parter
353438	49	2	5	1
339000	33	1	3	1
339000	48	2	4	parter
840000	112	3	4	3
650000	200	6	2	NaN
182000	35	2	4	3
255000	42	1	3	parter
374227	59	3	15	10
218000	39	1	5	2
318954	54	3	8	parter
245641	57	3	4	1
250000	38	2	10	4
320000	57	2	4	4
300000	54	2	4	1
904041	100	3	5	parter
1026526	116	4	4	parter
695000	71	3	5	2
980000	364	6	1	NaN
340000	53	3	11	9
329000	62	3	11	parter
320539	52	3	15	2
619000	120	4	2	NaN
520398	75	4	5	3
299880	58	2	5	parter
470093	59	2	5	3
335000	60	4	4	parter
290000	41	2	NaN	5
228999	38	2	10	10
269000	36	1	4	1
495723	82	4	15	9
245000	45	2	3	3
220500	31	1	5	4
224500	40	1	4	parter
309741	44	2	5	3
299000	48	2	5	2
0	67	4	7	7
346624	54	3	7	2
379000	72	3	15	1
380931	66	3	3	3
299000	59	2	4	2
284618	41	2	4	3
311696	55	4	5	2
249048	34	2	2	2
383950	54	2	5	4
264400	41	2	6	2
1199000	290	6	4	NaN
535000	73	3	3	3
290387	26	1	5	2
416436	69	3	2	1
455348	56	2	4	parter
305000	45	2	11	9
331945	53	2	5	2
359000	64	3	11	2
245524	41	2	4	1
247220	52	2	5	2
1270000	97	3	2	2
600000	320	7	3	NaN
423000	45	2	5	1
195000	30	1	4	1
410665	71	3	15	2
269000	35	2	5	2
293000	45	3	4	2
337120	60	3	5	3
299000	46	2	15	4
458136	72	3	7	7
368712	56	2	6	1
185232	36	2	5	parter
288000	47	3	4	4
600000	121	4	3	1
289000	55	2	4	3
0	35	2	5	parter
706495	69	3	5	3
245500	40	2	NaN	1
169000	23	1	2	parter
470093	59	2	5	3
335400	51	2	2	1
319000	50	3	4	4
221000	40	1	4	parter
640000	138	4	2	NaN
569000	52	2	4	3
455348	56	2	4	parter
363392	53	2	5	4
275000	38	2	12	1
332000	50	2	4	4
344225	70	3	4	1
485000	165	6	2	NaN
338664	53	3	15	7
699000	228	6	2	NaN
395000	52	2	NaN	NaN
327999	48	3	10	1
337524	51	3	7	4
595000	200	4	3	NaN
545000	105	4	4	3
480000	62	3	2	parter
294906	42	2	4	3
239294	32	1	5	3
550000	172	4	2	NaN
594085	32	2	5	4
230000	36	1	3	1
407000	42	2	8	8
749000	127	6	2	NaN
278000	40	2	4	3
282632	50	3	5	parter
400000	67	3	4	3
345000	55	2	4	3
393120	55	2	5	3
342720	57	3	8	2
307000	65	3	3	3
454420	62	3	5	4
530712	65	3	5	2
335988	49	2	7	1
249000	38	2	16	4
335988	49	2	7	1
530000	77	3	3	3
440000	81	4	4	4
368568	68	3	4	1
1097971	141	3	4	3
1900000	267	7	3	NaN
0	36	2	5	1
268385	41	2	7	1
93000	50	2	3	2
520000	85	4	4	4
409960	67	3	15	1
265000	61	2	1	parter
435000	58	3	6	6
337120	60	3	5	3
590000	180	5	3	NaN
249000	32	1	10	10
328646	53	3	15	5
298248	43	2	5	parter
354000	63	2	4	1
314000	57	3	4	4
495723	82	4	15	9
297420	50	2	16	3
255000	38	2	12	9
321440	57	4	5	1
2250000	369	8	2	NaN
245000	38	2	4	4
370000	48	2	5	1
295362	48	3	8	3
284618	41	2	4	3
405000	77	3	11	2
165000	70	3	2	NaN
364620	61	3	3	2
305000	52	3	9	3
319875	51	2	15	7
316547	41	1	5	1
217561	37	1	4	4
949000	98	3	5	4
285534	44	2	2	1
665000	71	3	5	2
875000	79	3	5	3
175000	27	1	12	8
560000	180	6	3	NaN
510186	73	4	5	3
304865	55	3	3	3
268385	41	2	7	1
442000	58	2	6	4
699000	154	5	2	NaN
397350	44	2	5	2
329000	55	3	4	parter
3000000	11930	4	3	NaN
861000	101	4	5	1
300428	47	3	2	2
288000	47	3	4	parter
335000	48	3	4	4
499000	87	4	3	3
650000	200	6	2	NaN
280000	48	3	4	3
549000	106	3	3	2
328241	53	3	8	2
330000	59	3	4	4
980000	300	8	3	NaN
587000	122	4	4	3
325000	73	2	NaN	NaN
209000	28	1	5	3
355000	66	4	11	parter
378000	78	3	16	2
470000	55	2	4	3
276588	47	2	4	parter
380931	66	3	3	3
411901	57	2	5	1
461041	71	4	5	2
299000	40	2	4	3
669000	102	5	2	2
242400	30	1	5	parter
369000	67	4	3	3
270256	48	2	4	3
0	36	2	7	1
318384	48	3	8	2
336500	54	2	2	parter
421049	72	4	15	3
369000	60	3	4	1
437680	54	2	5	2
260000	38	2	4	1
294906	42	2	4	3
587945	69	3	4	1
282000	47	2	15	4
378465	54	2	NaN	1
379000	64	3	4	parter
167000	66	3	5	5
648000	180	6	4	NaN
249500	40	2	3	1
339000	63	3	4	3
520236	61	3	5	2
209000	35	1	2	parter
293178	51	3	5	4
262136	46	3	5	3
347000	47	3	3	1
249000	42	3	5	4
390000	55	2	5	2
899000	240	5	3	NaN
286000	33	1	5	parter
307156	45	2	5	1
390000	96	4	2	NaN
699000	300	7	3	NaN
340501	28	1	5	4
699000	400	5	4	NaN
397350	44	2	5	2
495000	60	2	3	3
499000	70	3	4	parter
340500	54	2	2	1
520000	100	3	1	parter
320000	37	2	5	5
739000	160	4	2	NaN
237405	35	1	5	parter
307035	55	3	5	4
319000	51	2	3	3
217686	29	2	5	1
374601	56	3	15	12
730000	209	6	3	NaN
585995	82	2	4	parter
0	35	2	5	5
356160	59	4	8	5
499000	153	4	2	NaN
356160	59	4	8	5
240000	55	2	4	parter
282994	54	2	2	parter
690000	200	6	3	NaN
595000	95	4	8	5
250000	47	2	4	1
362880	55	2	5	parter
328588	46	2	5	1
599900	72	3	8	6
318000	53	3	8	1
417700	67	3	2	parter
411901	57	2	5	1
530000	83	4	3	3
299000	45	3	3	3
214378	28	1	5	4
315150	39	1	4	1
395000	68	4	3	3
372000	125	4	3	2
299000	55	2	3	1
564000	120	4	2	NaN
236596	34	2	2	1
333000	65	3	4	4
346949	54	2	15	3
1850000	196	5	1	1
699000	180	5	2	NaN
367000	49	2	5	4
423000	45	2	5	1
520236	61	3	5	2
275000	37	2	4	1
2100000	280	6	3	NaN
277425	40	2	5	1
455348	56	2	4	parter
345000	64	3	11	parter
275000	37	2	4	1
351475	67	3	2	parter
420056	69	3	15	3
237900	32	1	11	parter
375216	61	3	15	3
260876	53	2	5	3
383760	65	3	15	6
669000	210	5	NaN	NaN
367650	31	1	5	3
308237	53	2	2	1
331945	53	2	5	2
193772	30	1	5	3
864244	108	4	8	7
263018	39	2	5	4
435000	60	2	5	2
319875	51	2	15	8
313000	50	2	10	3
330000	49	2	16	13
359502	54	2	5	parter
308237	53	2	2	1
237405	35	1	5	parter
330000	95	3	1	parter
376399	62	3	15	13
299000	60	2	3	2
331471	55	3	3	1
339000	104	5	3	NaN
245000	40	2	4	3
193000	37	2	3	parter
349332	54	3	7	5
236596	34	2	2	1
396416	52	1	5	1
1150000	268	8	2	NaN
417700	67	3	2	parter
260876	53	2	5	3
307035	55	3	5	4
1650000	500	7	2	NaN
405840	71	4	15	3
295362	48	2	8	parter
399000	60	4	3	3
363622	53	3	7	3
1840000	290	7	5	4
396416	52	1	5	1
580000	145	4	2	NaN
340000	63	3	4	2
368568	68	3	4	1
420000	77	2	4	2
236595	34	2	2	1
299000	48	3	4	4
629000	140	4	2	NaN
449000	90	4	2	2
275000	50	2	2	2
449000	90	4	2	2
256872	45	3	5	1
237405	35	1	5	parter
262472	46	3	5	3
484068	62	3	5	3
279000	62	3	4	4
396134	36	1	5	5
307156	45	2	4	1
238747	36	1	14	4
0	35	2	5	1
550000	173	5	3	NaN
316547	50	2	8	5
275000	37	2	4	1
249048	34	2	2	2
280000	46	2	4	4
237405	35	1	5	parter
405000	71	4	4	2
899000	203	7	2	NaN
285000	41	2	4	3
590000	97	4	3	3
249000	42	2	3	NaN
631400	84	3	5	2
0	52	3	8	5
379999	67	3	4	3
283372	45	2	15	14
569000	108	4	4	parter
392607	59	4	7	5
341250	48	2	5	1
369000	69	3	4	1
614500	57	2	16	5
193772	30	1	5	3
270449	41	2	7	parter
237405	35	1	5	parter
260876	53	2	5	3
550000	73	3	7	5
269000	39	1	4	3
279000	49	2	4	2
319200	94	5	3	NaN
351000	52	2	5	2
430000	75	4	1	1
269000	38	2	4	2
329837	59	4	5	3
595000	198	5	2	NaN
495723	82	4	15	9
362945	60	3	15	parter
230000	38	2	4	4
490000	140	4	1	1
993758	81	4	5	5
310584	54	2	2	1
307035	55	3	5	4
599000	98	4	4	2
365000	63	4	4	2
993758	81	4	5	5
268098	49	2	4	parter
265000	48	2	4	parter
177000	26	1	4	1
233386	38	2	5	parter
263581	43	2	8	4
430000	84	5	4	4
319875	51	2	15	8
320000	49	2	11	10
978000	106	4	16	5
360000	62	3	11	11
389013	66	3	5	1
978009	123	4	8	7
274306	46	2	4	2
580000	141	5	1	NaN
262900	42	2	10	parter
595000	170	5	2	NaN
845000	200	4	2	NaN
417700	67	3	2	parter
311488	50	3	3	2
1140000	192	6	1	parter
260876	53	2	5	3
849000	189	5	3	NaN
299000	46	2	10	7
205000	32	1	15	15
279000	42	2	4	parter
449000	97	5	5	3
499000	180	6	2	NaN
674042	88	3	7	2
332000	49	2	4	4
519000	71	3	5	5
213120	33	2	3	2
549000	82	3	4	3
399000	59	2	5	2
282994	54	2	2	parter
264824	47	3	5	3
326245	45	2	5	4
316000	35	1	5	2
341704	56	3	15	9
221918	36	2	5	parter
349000	79	3	16	16
0	25	1	7	parter
415000	65	3	5	1
399000	59	2	4	2
429995	84	5	4	4
274203	44	2	16	4
335000	57	2	4	parter
327000	49	2	5	1
520000	98	4	2	1
282624	50	3	5	2
296310	58	2	5	parter
620000	245	6	3	NaN
300300	46	2	4	parter
225000	32	1	16	9
252000	38	2	4	2
735000	90	3	4	2
597000	56	2	5	5
359000	77	3	2	1
353379	57	3	16	12
550	15	5	NaN	3
610000	78	3	4	1
234288	32	1	5	1
295362	48	2	8	parter
279000	38	2	4	4
368568	68	3	4	4
740000	180	6	2	NaN
332145	54	3	8	1
351475	67	3	2	parter
247000	47	2	4	2
285888	44	2	5	5
520000	91	4	4	1
454000	52	2	5	3
266448	47	3	5	1
125000	22	5	4	3
720000	200	6	3	NaN
280000	29	1	6	2
316740	52	3	8	4
407000	42	2	8	8
990000	335	7	4	NaN
244496	43	3	4	1
282000	47	2	15	4
290195	45	2	5	1
320000	118	4	NaN	1
349000	52	3	4	2
338504	49	1	5	parter
309000	51	2	4	4
339000	49	2	5	2
328241	53	3	8	4
260000	38	2	4	4
957600	136	3	4	parter
552000	55	2	2	parter
0	36	2	5	4
399000	64	3	4	4
280000	47	2	16	4
197336	61	3	1	1
297632	45	2	4	1
340480	53	3	NaN	parter
421440	31	1	4	3
520236	61	3	5	2
375000	86	3	4	parter
237405	35	1	5	parter
215000	30	1	4	4
350506	57	3	16	11
320189	52	3	8	1
417000	64	3	5	1
269000	37	2	10	3
362880	55	2	5	1
450000	100	5	1	parter
329820	54	3	8	2
224000	35	2	4	4
499000	153	4	2	NaN
372211	61	3	15	8
1950000	262	6	NaN	NaN
268385	41	2	7	1
495723	82	4	15	9
0	37	2	5	parter
320992	57	4	5	parter
719290	110	6	2	2
305000	43	2	5	2
520236	61	3	5	2
277425	40	2	5	1
261000	32	1	5	parter
320311	54	3	8	1
308237	53	2	2	1
351000	54	3	5	5
308237	53	2	2	1
307156	45	2	4	1
260876	53	2	5	3
299000	42	2	11	4
543500	106	3	4	2
145000	25	1	NaN	3
211481	29	1	5	2
350875	56	3	5	1
229000	38	2	10	10
669000	200	5	4	NaN
315225	46	2	5	5
455348	56	2	4	parter
409240	67	2	4	3
279328	49	3	4	parter
194000	38	2	5	2
479000	67	3	5	2
330000	60	3	2	parter
220210	36	2	5	parter
1000000	183	6	4	1
395000	40	2	5	5
214171	35	2	5	parter
1250000	72	2	5	1
474912	72	3	14	14
290387	26	1	5	2
389000	67	2	3	parter
277425	40	2	5	1
739000	500	8	4	NaN
504000	50	2	4	parter
507859	58	3	5	1
290195	45	2	5	1
262472	46	3	5	3
410665	71	3	15	2
350000	74	3	4	4
204450	43	2	5	3
273546	46	2	4	3
299513	53	2	2	1
379000	87	3	3	parter
260876	53	2	5	3
563764	58	2	7	3
580000	200	5	4	NaN
320000	40	2	5	parter
475000	85	4	4	4
351475	67	3	2	parter
550000	165	4	2	NaN
430000	72	2	NaN	1
390000	56	2	4	1
277098	55	2	2	parter
289000	62	3	2	1
350464	54	3	7	2
327000	63	3	3	3
327509	55	2	15	7
345000	64	3	11	parter
349000	53	2	5	3
285000	50	2	4	1
311406	43	2	5	4
166000	34	2	4	parter
402135	48	2	5	1
446400	72	4	2	1
375000	79	3	NaN	12
369000	69	3	4	parter
309000	51	3	4	4
138264	46	2	1	parter
336500	54	2	2	parter
376399	62	3	15	10
404261	64	3	15	13
295362	48	2	8	parter
185232	36	2	5	parter
349000	42	2	5	4
265000	42	3	4	4
228000	37	2	4	2
950000	269	6	3	NaN
382950	85	3	1	parter
368568	68	3	4	4
362700	46	2	5	parter
242000	37	2	9	2
220000	32	1	4	parter
320311	54	3	8	4
277098	54	3	2	parter
0	36	2	5	3
269000	37	2	4	3
486000	85	4	3	1
262000	38	2	4	1
282994	54	2	2	parter
352704	53	2	5	parter
310707	45	2	5	2
369000	64	3	10	9
980000	300	7	2	NaN
299600	48	3	4	3
285534	44	2	2	1
950000	180	4	2	NaN
280000	54	3	4	4
350528	54	3	7	4
968500	149	4	5	4
360000	65	2	2	parter
230000	37	2	NaN	5
331226	56	3	3	2
355000	83	3	2	1
368110	64	3	2	2
250000	37	2	4	1
520236	61	3	5	2
339282	55	3	8	7
330000	50	2	3	parter
387000	52	2	2	parter
289000	40	2	5	5
459000	59	2	5	2
360000	65	4	4	4
377652	57	4	7	6
330840	53	2	8	4
307881	51	3	16	parter
360000	77	3	16	16
305670	44	2	7	3
335000	55	3	4	parter
229000	44	2	4	4
380931	66	3	3	3
680000	89	3	1	parter
900000	438	6	2	NaN
471305	72	3	15	12
599000	76	3	4	4
253288	45	3	5	4
424370	66	4	8	3
389000	87	4	1	parter
313000	50	2	4	3
277425	40	2	5	1
355000	56	2	4	1
408430	74	4	5	5
559000	93	4	NaN	NaN
205000	27	1	4	4
245000	47	2	10	8
334000	74	3	10	3
904041	100	3	5	parter
240300	44	2	6	1
250250	33	1	4	1
262136	46	3	5	parter
380931	66	3	3	3
245000	27	1	12	12
329018	53	2	15	parter
320295	48	2	4	2
350506	57	3	16	11
640000	182	5	3	NaN
382074	57	3	3	2
797000	307	6	3	NaN
374601	56	3	15	14
222000	51	1	10	parter
328241	53	3	8	2
368568	68	3	4	4
237405	35	1	5	parter
336500	54	2	2	parter
310000	47	3	4	1
569000	108	4	4	parter
318648	46	2	5	parter
399000	79	3	16	12
495000	86	3	4	2
990000	127	4	2	NaN
710000	189	6	2	NaN
431340	73	4	5	parter
214200	34	1	3	1
604000	71	3	10	5
204450	43	2	5	3
416000	104	6	NaN	2
669552	139	5	3	3
340000	56	2	3	parter
286160	40	2	4	4
257000	38	2	10	8
292307	41	2	5	2
193772	30	1	5	3
335343	71	2	6	parter
0	35	2	5	2
263018	39	2	5	4
370000	74	4	4	2
0	69	3	5	1
1150000	240	8	2	NaN
235000	38	2	12	5
369000	64	3	3	2
299000	43	2	4	4
284082	50	3	5	2
454960	56	2	4	1
253288	45	3	5	4
260000	44	2	2	2
368568	68	3	4	4
0	35	2	5	1
277098	54	3	2	parter
233386	38	2	5	parter
450000	120	4	2	NaN
314000	57	3	4	4
295000	44	2	4	parter
289000	48	2	5	2
286000	49	2	4	4
307428	45	2	5	parter
780000	184	5	NaN	NaN
404261	64	3	15	14
2390000	354	7	3	NaN
170000	30	2	5	2
337524	51	3	7	parter
1950000	270	5	3	NaN
404261	64	3	15	11
274763	44	2	14	7
396416	52	1	5	1
455348	56	2	4	parter
449000	67	3	5	4
346843	57	3	15	1
308237	53	2	2	1
579000	92	2	5	2
240968	43	2	4	1
1400	48	3	4	3
337500	55	1	4	3
266304	36	1	5	3
335000	40	2	4	4
319000	62	3	11	9
198000	31	1	3	parter
252000	48	3	10	1
267984	37	2	5	1
408430	74	4	5	5
354496	55	3	7	1
499000	153	4	2	NaN
598328	74	3	2	parter
218000	45	2	3	3
285000	39	2	5	1
330110	60	3	5	4
2300000	375	6	3	NaN
0	35	2	5	parter
319000	63	3	4	4
259000	38	2	4	4
595000	144	5	3	NaN
292804	41	2	5	2
500000	65	3	4	2
438750	65	3	4	3
277425	40	2	5	1
430000	70	3	3	3
1500000	270	7	3	NaN
326000	65	4	4	4
480000	87	2	4	2
315000	47	3	4	2
299000	41	1	4	1
270449	41	2	7	parter
368568	68	3	4	1
375000	51	2	4	3
262136	46	3	5	parter
318000	60	2	3	2
310584	54	2	2	1
475000	68	2	3	parter
479000	102	4	2	NaN
274764	44	2	14	7
359566	54	2	15	4
416760	60	3	NaN	5
300428	47	3	2	2
380931	66	3	3	3
287504	51	3	4	2
339000	52	3	5	5
363000	64	3	1	parter
350506	57	3	16	11
308237	53	2	2	1
341704	56	3	15	9
284618	41	2	4	3
320311	54	3	8	1
266448	47	3	5	1
290000	51	2	3	3
345000	64	3	11	parter
324069	53	3	15	parter
269000	56	5	5	5
327097	46	2	5	5
246379	40	2	8	parter
279000	62	3	2	1
353266	54	3	7	parter
339995	56	2	4	4
379000	70	2	1	NaN
517995	116	4	4	parter
630000	141	5	4	4
699000	92	3	2	2
1000000	300	6	4	NaN
328476	52	2	14	4
481362	65	3	5	parter
298717	48	2	15	2
570000	158	4	2	NaN
375408	56	3	4	parter
345000	58	1	4	1
350506	57	3	16	11
335000	64	4	11	3
345865	53	3	7	3
400000	82	3	4	1
217500	29	1	5	1
171000	20	1	4	1
205000	30	1	10	9
732000	73	3	3	parter
415000	50	2	4	1
348000	65	3	16	9
405000	70	3	4	2
355000	46	2	4	1
259000	37	2	4	3
329000	52	3	11	9
489464	71	4	7	4
220000	36	2	NaN	parter
256872	45	3	5	1
445000	104	5	2	NaN
255300	34	1	5	4
275000	50	2	2	2
253498	38	2	7	2
259000	35	1	3	1
345000	49	2	4	3
489000	70	3	4	parter
370000	63	2	2	parter
350000	48	2	5	parter
327509	55	2	15	5
349000	60	3	1	NaN
217686	29	1	5	1
290000	41	2	5	5
322490	46	2	5	1
545000	70	3	4	parter
359000	67	3	2	parter
355000	48	2	4	parter
407000	42	2	8	8
770000	73	3	3	1
250000	42	2	10	parter
262472	46	3	5	3
410000	114	5	4	parter
437680	54	2	5	2
274344	48	2	5	2
295362	48	2	8	parter
879000	210	5	3	NaN
455348	56	2	4	parter
249048	34	2	2	2
256816	45	3	5	parter
559000	153	5	2	NaN
225000	27	1	5	4
319875	51	2	15	7
560000	82	3	2	2
990000	155	5	2	NaN
204450	43	2	5	3
336500	54	2	2	parter
266255	48	2	4	2
660000	110	4	2	2
339520	54	3	2	1
1500000	142	4	4	1
440000	61	3	3	2
485000	65	2	3	3
328646	53	3	15	4
149998	78	3	5	3
359000	85	4	1	parter
469500	109	4	3	NaN
150000	28	1	4	parter
289000	40	2	4	parter
290000	42	2	5	5
273616	48	3	5	2
330000	45	2	2	1
368712	56	2	6	1
747000	83	3	12	7
310584	54	2	2	1
349000	95	3	1	1
410665	71	4	16	2
274344	48	2	5	2
335000	54	2	5	2
240000	55	2	4	parter
0	35	2	5	parter
489000	40	1	4	parter
299600	48	3	4	3
297000	130	4	2	NaN
308495	56	4	5	5
325000	64	3	10	parter
265000	38	2	10	4
275000	50	2	3	parter
336940	49	2	13	13
325765	59	4	5	4
650000	249	5	1	NaN
464000	70	3	4	parter
274764	44	2	14	7
285000	59	2	4	2
545000	70	4	4	parter
1200000	268	7	NaN	NaN
1190000	431	6	2	NaN
0	53	3	5	5
368110	64	3	2	2
394582	47	2	5	1
250000	51	2	4	parter
282390	28	2	6	3
308220	70	2	4	3
280112	50	3	6	1
375000	74	3	4	4
279000	53	3	4	4
353438	49	2	5	5
360000	62	3	11	11
319000	48	3	16	13
690000	162	4	2	NaN
313000	49	2	4	3
264000	39	2	4	4
245000	38	2	2	parter
620000	245	6	3	NaN
193772	30	1	5	3
239000	38	2	4	1
233386	38	2	5	parter
379000	68	3	2	2
340032	60	3	5	1
249048	34	2	2	2
290000	53	3	4	3
319000	49	3	4	4
428885	45	2	5	1
369000	67	3	3	parter
198487	31	1	5	3
798000	296	6	2	NaN
335343	71	2	6	parter
2250000	369	8	2	NaN
235000	43	2	4	parter
328241	53	3	8	3
285000	42	2	5	2
318928	51	3	3	1
123000	123	4	4	2
300259	42	2	5	1
350000	59	3	4	2
323400	83	2	5	4
329000	51	2	5	parter
295362	48	3	8	3
430000	75	4	1	1
305361	74	4	1	1
359000	84	4	1	parter
780000	170	4	3	NaN
339000	62	3	4	3
214200	34	1	3	1
204450	43	2	5	3
236595	34	2	2	parter
295362	48	2	8	parter
949000	98	3	5	4
250000	47	2	4	1
638175	85	4	4	3
263018	39	2	5	4
287000	48	3	4	2
193772	30	1	5	3
299000	49	2	3	parter
740000	67	3	NaN	parter
348000	49	2	3	3
520236	62	3	5	2
194000	38	2	5	2
640000	288	6	4	NaN
380000	67	3	4	3
318000	45	1	4	3
208986	34	1	6	3
350000	94	3	1	1
375000	51	2	8	7
383950	54	2	5	4
495723	82	4	15	9
274764	44	2	14	7
297000	75	3	5	5
670000	320	8	2	NaN
375000	79	3	16	12
345240	57	4	8	3
400000	76	2	4	4
585000	99	4	3	3
1200000	165	4	4	3
350000	49	3	4	3
1156054	103	4	4	parter
345000	55	2	4	3
249000	44	2	10	8
369487	56	3	15	9
239000	35	2	4	4
579000	97	4	3	3
420000	60	2	4	3
799000	214	5	3	NaN
278502	48	3	5	2
299000	37	2	5	2
439112	67	3	5	4
354000	46	2	8	8
359084	57	3	15	4
284618	41	2	4	3
495723	82	4	15	9
437680	54	2	5	2
378000	69	4	1	parter
335343	71	2	6	parter
295000	50	2	4	4
374995	70	4	4	parter
385000	42	2	4	3
353438	49	2	5	4
298717	48	2	15	1
260876	53	2	5	3
279328	49	3	4	1
280000	47	2	4	1
325000	47	2	1	parter
550000	117	4	2	NaN
237405	35	1	5	parter
0	63	3	5	1
699000	103	4	NaN	NaN
399000	100	5	1	parter
333000	74	3	4	4
334712	59	4	5	1
479995	154	7	2	NaN
249000	45	2	6	5
240000	46	2	NaN	parter
385000	68	2	3	2
300428	47	3	2	1
520236	61	3	5	2
265155	48	2	4	parter
337303	57	4	8	5
335343	71	2	6	parter
239592	35	2	5	5
372049	60	3	15	6
411901	57	2	5	1
499000	153	4	2	NaN
378000	78	3	16	2
246054	35	1	4	4
799000	122	3	2	NaN
300000	54	2	4	1
298717	48	2	15	3
249048	34	2	2	2
219000	32	1	4	3
638175	85	4	4	3
360000	62	3	NaN	11
307156	45	2	4	1
470093	59	2	5	3
327787	51	2	15	11
780000	164	6	3	NaN
500000	140	6	1	NaN
311000	43	2	4	parter
282296	50	3	5	1
268385	41	2	7	1
336500	54	2	2	parter
194000	38	2	5	2
407000	42	2	8	8
315000	47	3	4	2
885000	177	5	2	NaN
233386	38	2	5	parter
950000	156	5	2	NaN
274763	44	2	15	6
288000	45	2	4	4
0	58	3	7	7
210000	34	2	2	2
289000	49	2	10	7
390000	56	2	4	1
279000	38	2	4	4
257400	44	2	4	2
307510	43	2	5	1
247220	52	2	5	2
295000	29	1	5	1
325038	45	2	5	2
335343	71	2	6	parter
450000	90	4	1	1
399000	69	3	2	1
520236	61	3	5	2
328646	53	3	15	6
277000	40	1	4	2
349000	58	3	4	parter
229000	63	2	4	1
610000	85	4	4	parter
299000	54	3	4	2
308800	51	3	4	4
239294	32	1	5	2
371432	60	3	15	14
359000	84	4	2	NaN
280000	47	3	4	2
469131	67	2	5	5
265000	38	2	10	3
522500	55	2	NaN	3
282994	54	2	2	parter
189000	26	1	12	5
255000	41	1	3	parter
0	36	2	5	2
328241	53	3	8	2
355374	65	2	5	1
350000	37	2	NaN	5
256816	45	3	5	parter
278000	41	2	4	3
248400	34	1	5	2
348000	64	3	4	4
450000	70	3	3	3
349332	54	3	7	5
295362	48	2	8	parter
383950	54	2	5	4
240300	44	2	5	1
307156	45	2	4	1
260000	44	2	2	2
599000	82	3	4	3
290000	37	2	NaN	6
425000	70	3	4	1
579000	230	3	2	NaN
799000	104	4	2	2
282750	43	2	4	parter
330000	49	2	3	2
360000	62	3	NaN	11
399000	84	4	10	1
221918	36	2	5	parter
339200	53	3	7	1
368736	53	2	5	3
339282	55	3	8	7
1350000	158	5	2	1
512463	94	4	8	3
1500000	300	7	2	NaN
450000	71	4	1	parter
339000	66	3	11	1
312000	45	2	5	1
287000	39	2	5	4
353989	60	3	5	1
549000	155	5	2	NaN
210541	35	1	8	parter
284618	41	2	4	3
476070	68	4	5	2
0	35	2	5	2
302887	49	2	7	4
256872	45	3	5	1
326000	39	2	3	1
440000	85	4	4	parter
245000	47	2	10	8
200000	28	1	4	4
285000	49	2	3	3
278000	42	2	6	3
495700	83	4	15	7
630000	55	2	5	5
267410	48	3	5	4
190000	31	1	10	4
970000	328	6	1	NaN
159000	34	1	2	parter
455348	56	2	4	parter
750000	185	5	2	NaN
299000	43	2	5	2
699000	137	4	NaN	NaN
321650	45	2	5	1
337524	51	3	7	2
864763	78	2	5	5
297297	50	2	4	4
1220000	72	2	4	1
149900	78	3	5	3
290970	48	2	6	parter
0	73	3	5	5
460000	45	2	5	3
337303	57	4	8	2
375000	70	4	4	parter
240000	38	2	10	10
262136	46	3	5	parter
552210	69	3	4	3
260043	51	2	5	4
220210	36	2	5	parter
324700	62	3	4	2
215000	36	2	4	parter
2300000	290	5	2	NaN
375000	56	3	2	2
269400	159	4	1	NaN
367773	44	2	5	2
279000	48	3	4	4
340000	58	2	3	2
259000	52	2	2	2
354416	58	3	2	1
315579	46	2	5	parter
280000	46	2	4	4
798000	800	7	2	NaN
377946	69	3	4	3
620000	91	4	2	1
410665	71	3	15	2
580000	106	3	4	3
368246	52	3	3	1
245000	44	2	4	3
235000	43	2	4	parter
439000	75	3	1	parter
323340	53	3	8	2
0	56	3	7	4
335988	49	2	7	1
215000	38	2	2	parter
585000	100	3	2	1
629000	68	2	3	1
244496	43	3	4	1
324686	55	2	15	2
277501	44	2	15	7
185232	36	2	5	parter
599000	83	3	5	3
800000	103	4	3	3
307035	55	3	5	4
300428	47	3	2	2
450000	86	4	1	1
390000	74	4	4	1
337524	51	3	7	parter
450000	130	5	3	NaN
455348	56	2	4	parter
417700	67	3	2	parter
274000	56	2	3	3
290387	26	1	5	2
1999000	260	4	2	NaN
336500	54	2	2	parter
388000	50	2	4	4
289296	51	3	6	parter
320000	61	2	NaN	parter
585000	94	3	2	parter
205000	32	1	10	9
355000	53	3	NaN	9
382000	50	3	4	3
233386	38	2	5	parter
351475	67	3	2	parter
339000	55	2	4	parter
270449	41	2	7	parter
370000	62	3	4	3
326000	39	2	3	1
260000	46	2	16	parter
185232	36	2	5	parter
244000	38	2	10	5
597000	89	3	1	parter
315000	53	3	4	4
377640	41	2	4	2
277501	44	2	15	4
309740	45	2	4	3
282994	54	2	2	parter
904041	100	3	5	parter
236595	34	2	2	2
316240	47	3	2	1
290195	45	2	5	1
299000	27	2	NaN	1
550000	66	3	5	parter
335920	51	3	3	parter
337500	55	1	4	3
259038	31	1	5	3
395000	68	4	3	3
340000	54	3	4	parter
585000	100	3	2	1
120000	16	1	4	niski parter
368110	64	3	2	2
399000	84	4	10	5
529000	96	3	2	NaN
1199000	229	7	2	NaN
313000	50	2	4	3
519000	93	4	4	3
359000	64	3	4	4
990000	250	7	3	NaN
420000	180	8	1	NaN
236596	34	2	2	1
0	51	3	5	1
399000	119	5	NaN	NaN
320311	54	3	5	1
400000	79	3	16	12
328646	53	3	15	3
638175	85	4	4	3
240000	39	1	5	2
255000	47	2	10	4
277823	49	2	4	1
690000	160	5	2	NaN
399900	66	4	4	2
474000	91	3	2	1
334600	59	4	5	parter
535000	85	3	2	NaN
815000	160	4	3	NaN
579000	97	4	NaN	NaN
250000	38	2	4	parter
320000	48	2	4	1
492000	57	3	4	4
749000	91	3	1	parter
529000	143	4	2	NaN
290387	26	1	5	2
315000	53	3	4	4
372049	60	3	15	5
346624	54	3	7	4
180400	120	3	1	NaN
1140963	155	4	3	3
249000	38	2	4	4
363392	53	2	5	5
362880	55	2	5	1
710000	189	6	2	NaN
344540	30	1	4	2
390000	90	4	4	4
0	33	2	5	1
305361	68	3	2	parter
268385	41	2	7	1
236000	48	2	3	parter
378000	63	3	3	2
699000	154	5	2	NaN
259000	37	1	3	parter
660000	110	4	2	2
765000	152	4	1	parter
312480	55	4	5	1
320311	54	3	8	5
311500	88	2	4	1
346624	54	3	7	1
236595	34	2	2	2
0	62	3	7	7
839000	190	4	3	NaN
720000	164	5	2	NaN
700000	46	2	NaN	2
420000	59	2	3	3
343620	57	3	3	3
302887	49	2	7	4
290195	45	2	5	1
368110	64	3	2	2
492000	58	3	5	4
315000	54	2	3	parter
283024	50	3	5	parter
319000	48	2	4	3
495782	82	4	15	8
255000	50	2	5	4
0	30	1	7	3
650000	140	4	2	NaN
235000	31	1	10	parter
371782	56	3	15	13
290387	26	1	5	2
429000	63	3	4	1
2650000	650	8	2	NaN
545000	73	3	4	1
329000	57	2	4	parter
267984	37	2	5	2
1899000	290	5	3	NaN
330000	59	3	4	4
295000	44	2	4	parter
495000	220	4	NaN	NaN
1156054	103	4	4	parter
849000	145	6	2	NaN
408430	74	4	5	5
283372	45	2	15	10
199000	27	1	12	12
855000	96	4	5	5
315000	47	3	4	2
300987	49	3	8	5
550000	81	3	NaN	parter
399000	61	3	4	1
325000	47	3	10	8
285534	44	2	2	1
495000	63	3	5	parter
328000	47	2	15	10
274812	48	3	5	2
349332	54	3	7	5
307499	48	2	15	14
1190000	241	6	2	NaN
303287	50	2	15	3
350000	51	2	3	3
499000	118	4	3	NaN
245641	41	2	4	1
345865	53	3	7	2
335343	71	2	6	parter
394367	65	3	15	3
319875	51	2	15	7
319875	51	2	15	8
328241	53	3	8	2
296000	53	3	7	7
269000	36	1	4	1
294234	51	3	5	3
285000	45	2	1	parter
587945	69	3	4	1
495723	82	4	15	9
397350	44	2	5	2
399000	56	2	5	2
338250	61	3	4	4
239000	38	2	4	2
449000	70	3	2	2
418000	84	4	4	parter
320311	54	3	5	1
430000	66	3	5	4
330393	55	2	15	13
229000	31	2	5	2
279000	49	3	10	7
302887	49	2	7	4
303000	53	3	4	3
301206	48	2	15	6
193950	38	2	5	1
315000	45	2	4	3
1100000	187	4	3	NaN
520236	61	3	5	2
259500	32	1	5	3
238748	36	1	15	4
315810	47	2	9	8
237900	32	1	11	1
345000	70	4	12	3
428090	57	3	4	1
0	51	3	5	5
389000	63	3	10	parter
196000	31	1	11	8
232050	35	1	4	parter
318198	50	2	8	4
240240	26	1	4	1
410000	57	2	6	5
950000	276	6	1	NaN
345865	53	3	7	1
228200	40	3	5	4
334752	50	3	7	parter
1150000	297	5	2	NaN
341020	57	3	8	1
390000	54	2	5	5
367000	52	2	2	parter
291174	37	2	2	parter
290000	70	2	3	3
890000	137	5	2	1
270807	47	3	5	2
302887	49	2	7	4
294906	42	2	4	3
350000	51	2	3	3
285000	43	2	4	4
350464	54	3	7	1
379000	54	2	5	3
345000	53	2	4	4
680000	89	3	2	parter
312198	51	2	15	6
284618	41	2	4	3
305000	44	2	2	parter
249500	40	2	3	1
300000	50	2	16	3
299000	49	2	5	parter
437680	54	2	5	2
299000	54	2	5	4
392607	59	4	7	5
399000	65	3	3	1
356160	59	4	5	5
346624	54	3	7	2
259000	46	2	5	5
327787	51	2	15	11
429000	70	3	4	4
767000	96	4	4	parter
330368	51	2	15	12
296424	41	2	5	5
319816	57	4	6	3
376399	62	3	15	12
380000	78	3	16	14
415000	53	2	10	5
392607	59	4	7	5
220210	36	2	5	parter
538229	73	3	5	3
404965	73	3	3	2
625000	100	2	3	NaN
459000	88	4	3	2
471015	58	3	2	2
400000	49	2	5	3
367000	52	2	2	parter
451567	73	3	15	3
1490000	216	6	2	NaN
190300	31	2	5	4
290195	45	2	5	1
320281	45	2	5	5
650000	260	6	2	NaN
1156054	103	4	4	parter
529000	143	4	2	NaN
329000	74	2	4	3
305670	44	2	7	3
300259	42	2	5	1
410665	71	4	15	2
348000	62	2	3	1
336500	54	2	2	parter
354000	49	2	5	1
390000	63	3	3	2
349000	49	2	3	3
754920	165	5	2	NaN
305000	47	3	4	2
0	63	3	5	3
369083	61	3	15	4
277098	54	2	2	parter
300428	47	3	2	2
235000	40	2	12	5
435000	83	3	2	parter
499000	62	3	5	parter
292230	47	2	15	1
459917	69	2	5	parter
354000	46	2	8	8
384995	56	2	4	3
495000	86	4	1	parter
299995	80	3	3	3
320311	54	3	8	1
138264	46	2	1	parter
480000	59	2	7	parter
302887	49	2	7	4
393120	55	2	5	3
469269	68	4	5	1
980000	443	6	3	NaN
265000	38	2	4	4
0	35	2	5	3
447000	64	3	4	4
235000	37	2	4	1
499000	64	3	NaN	1
489408	101	4	4	3
535000	143	4	2	NaN
455348	56	2	4	parter
339000	63	3	4	3
277425	40	2	5	1
337204	57	3	15	10
349000	52	2	5	3
274812	48	3	5	2
565700	161	4	2	NaN
235000	32	1	10	10
295000	46	2	4	4
342000	56	2	4	1
279000	38	2	3	1
217686	29	2	5	1
289000	40	2	4	parter
274344	48	2	5	2
316740	52	3	8	4
280670	44	2	15	8
0	54	3	7	5
307156	45	2	4	1
229000	32	1	3	parter
2390000	353	6	2	NaN
1699990	400	6	3	NaN
499000	157	5	2	NaN
0	71	4	7	4
219000	31	1	4	1
289000	48	2	10	4
417000	74	3	2	1
221918	36	2	5	parter
720000	96	2	11	5
411901	57	2	5	1
410000	57	2	NaN	5
299000	38	1	2	2
395000	84	3	4	3
649000	78	4	6	2
388000	73	4	6	1
398000	60	4	3	3
450000	74	3	3	parter
415000	77	3	4	parter
519000	64	3	5	1
429000	59	3	4	4
404965	73	3	3	2
499000	87	4	3	3
319000	54	3	7	6
345648	60	3	4	2
559000	92	4	2	NaN
154000	28	1	NaN	1
296810	44	2	7	2
395000	67	2	NaN	1
299000	42	2	4	2
255000	41	2	3	3
627000	95	4	5	5
345865	53	3	7	parter
550000	88	4	4	1
342000	56	2	4	1
690000	270	4	2	NaN
399000	63	3	4	3
367000	52	2	2	parter
739000	500	8	4	NaN
204000	23	1	3	parter
430000	64	3	NaN	2
204450	43	2	5	3
255000	40	2	NaN	1
849000	126	4	2	NaN
499000	64	3	4	1
349000	64	3	4	2
246379	40	2	8	parter
627000	200	5	3	NaN
612000	68	3	4	1
285534	44	2	2	1
275000	46	2	15	13
320311	54	3	5	1
450000	60	2	3	2
335988	49	2	7	1
353379	57	3	16	12
627000	95	4	5	5
337303	57	4	5	3
679000	120	4	2	NaN
1190000	226	4	2	NaN
274764	44	2	14	7
336500	54	2	2	parter
390000	56	2	4	1
392607	59	4	7	5
337524	51	3	7	2
600000	200	7	2	NaN
300428	47	3	2	2
345000	65	3	4	4
339000	63	3	4	3
242000	37	2	11	2
242259	35	1	4	4
168799	28	1	2	parter
380000	50	3	4	3
289000	74	3	3	3
185274	28	1	3	parter
282995	54	2	2	parter
349000	54	3	10	8
350000	60	3	4	3
190000	31	1	11	4
397350	44	2	5	2
300428	47	3	2	2
269000	56	5	5	5
346055	54	3	15	12
299999	49	2	3	3
398000	62	3	4	1
201853	28	1	5	parter
312000	45	2	5	2
0	35	2	5	1
485000	76	3	NaN	1
549211	86	4	8	1
256872	45	3	5	1
911000	101	4	4	1
468292	73	3	15	4
180714	46	2	1	parter
520236	61	3	5	2
336500	54	2	2	parter
307156	45	2	4	1
335988	49	2	7	1
1190000	200	5	2	NaN
340480	53	3	NaN	parter
890000	360	6	4	NaN
0	36	2	5	parter
689000	74	3	6	1
399000	61	3	4	1
285000	51	3	NaN	parter
310000	59	2	4	4
511101	93	4	8	3
307035	55	3	5	4
710000	120	4	2	NaN
526000	81	3	4	3
664443	44	3	5	3
286698	40	2	5	2
399000	63	3	4	3
604500	134	7	2	1
408430	74	4	5	5
337524	51	3	7	parter
318836	54	3	13	4
274064	48	3	5	1
395000	33	1	7	3
346949	54	2	15	2
662000	73	3	4	1
405000	58	2	4	3
246790	42	2	4	3
196000	31	1	11	8
332000	50	2	4	4
329000	49	2	5	2
1	104	5	1	parter
469131	67	4	5	4
790000	139	4	3	parter
650160	51	3	4	1
420000	57	2	NaN	NaN
250000	90	2	4	parter
383950	54	2	5	4
239000	27	1	12	12
274344	48	2	5	2
411901	57	2	5	1
535000	100	2	1	NaN
269000	52	2	2	parter
0	36	2	5	2
349785	51	3	4	1
540000	59	2	4	2
274764	44	2	14	7
337303	57	3	8	5
243485	44	2	4	parter
307035	55	3	5	4
240000	45	2	3	parter
268385	41	2	7	1
487059	75	4	5	3
340000	48	2	5	2
397350	44	2	5	2
333699	54	3	7	parter
336500	54	2	2	parter
850000	170	4	3	NaN
460000	73	3	4	parter
337120	60	3	5	3
327097	46	2	5	4
250000	45	2	4	4
390000	74	4	4	1
330000	62	4	4	2
369000	67	3	15	10
327787	51	2	15	11
950000	161	5	4	1
875000	174	5	2	NaN
334240	74	4	1	1
393120	55	2	5	3
242572	32	1	5	4
148000	27	2	3	3
490000	146	5	2	NaN
406000	62	2	3	1
850000	350	7	2	NaN
239000	38	2	11	11
363392	53	2	5	1
320311	54	3	8	3
345240	57	4	8	parter
470093	59	2	5	3
330393	55	2	15	14
236595	34	2	2	1
690000	180	4	1	NaN
296928	41	2	5	4
450000	70	2	4	2
289000	38	2	4	parter
407000	42	2	8	8
312198	51	2	15	6
255000	38	2	12	9
349000	53	3	4	1
265000	43	2	4	4
429000	79	3	4	4
255750	125	4	4	parter
359000	93	3	5	5
368712	56	2	6	1
379000	86	3	4	parter
489000	39	2	11	8
490000	89	3	2	1
639000	83	4	2	parter
399000	47	3	NaN	4
663205	90	4	5	3
480	48	2	3	1
250000	45	2	4	4
339000	63	3	4	4
341250	48	2	5	2
650000	82	2	4	4
420000	96	3	4	3
192000	30	1	10	1
279000	47	3	4	4
237542	32	1	5	3
383950	54	2	5	4
399000	75	3	2	parter
320000	48	3	4	4
290195	45	2	5	1
391711	65	3	15	2
555028	82	4	5	2
340480	53	3	NaN	parter
620000	70	3	5	3
372025	60	3	15	1
375000	74	3	4	4
760000	128	5	3	NaN
339200	53	3	7	2
307026	55	4	5	4
520236	61	3	5	2
0	54	3	5	5
1149000	120	4	2	NaN
323923	55	2	15	1
329000	62	3	2	parter
313000	48	2	5	parter
529000	213	5	3	NaN
339000	64	4	11	11
285000	50	2	3	3
350000	50	2	4	parter
334000	50	2	4	4
221918	36	2	5	parter
409713	66	3	15	11
277425	40	2	4	1
329441	55	2	15	8
359000	64	3	11	2
430000	97	5	4	3
411901	57	2	5	1
489464	71	4	7	4
200000	37	2	5	2
315044	45	2	4	4
690000	199	6	2	NaN
250000	47	2	4	1
2269000	176	3	3	1
1500000	120	4	3	1
316740	52	3	8	4
429000	55	2	4	4
263018	39	2	5	4
638175	85	4	4	3
390000	73	4	11	10
440000	185	4	2	NaN
358000	63	3	4	4
130000	60	5	5	4
410695	64	3	15	10
710000	189	6	2	NaN
365000	46	3	4	1
204450	43	2	5	3
699000	154	5	2	NaN
827000	62	3	16	7
428885	45	2	5	1
253288	45	3	5	4
0	36	2	7	5
173000	19	1	4	2
360000	40	2	18	6
630000	141	5	4	4
514939	83	4	15	13
210000	36	2	2	1
217042	29	1	5	5
337524	51	3	7	4
1106900	154	6	3	2
354496	55	3	7	2
335000	49	2	5	4
313000	49	2	4	3
244000	38	2	10	5
236000	48	2	3	parter
290000	53	3	4	4
450000	74	3	NaN	NaN
247220	52	2	5	2
549000	110	3	2	NaN
308500	57	4	NaN	2
0	33	2	5	2
240000	31	2	10	8
217686	29	1	6	1
350784	54	3	7	2
435000	60	2	5	1
1000000	265	5	2	NaN
558000	139	5	3	1
242000	34	2	7	1
349000	80	4	1	parter
268385	41	2	7	1
476280	88	4	5	1
200060	28	1	5	parter
285534	44	2	2	1
410468	60	3	15	5
379000	40	2	8	6
295000	50	2	4	4
302887	49	2	7	4
193772	30	1	5	3
296055	45	2	5	parter
345240	57	4	8	3
365000	67	3	10	1
358000	63	3	4	4
0	63	3	5	3
215000	25	1	10	4
305000	52	3	9	3
325000	46	3	5	2
354000	79	3	16	16
299000	48	2	4	parter
290387	26	1	5	2
335000	48	3	4	4
261000	43	2	3	1
283372	45	2	15	13
0	69	3	5	5
327746	55	2	15	6
336500	54	2	2	parter
320311	54	3	8	1
253288	45	3	5	4
368712	56	2	5	parter
235000	42	3	NaN	4
350000	59	2	3	parter
1449999	200	6	2	parter
290195	45	2	5	1
238000	35	1	3	2
450000	75	3	1	parter
449000	70	2	4	2
190000	31	1	11	4
1100000	160	6	1	NaN
384540	56	3	4	3
399000	59	2	5	2
237405	35	1	5	parter
273000	32	2	4	1
719000	141	5	2	NaN
365000	67	3	4	2
483736	82	5	4	1
864763	78	2	5	5
680000	159	4	2	NaN
311000	34	1	4	1
450000	60	2	1	NaN
1490000	216	6	2	NaN
350000	63	1	4	parter
318384	48	3	7	2
349000	47	2	4	4
235000	35	2	4	2
185232	36	2	5	parter
253288	45	3	5	4
327654	65	2	5	parter
319875	51	2	15	7
1800000	180	2	2	parter
285000	48	3	3	1
1090000	183	6	3	1
360000	41	2	5	5
331045	50	3	6	5
798000	120	5	3	3
293488	43	2	4	parter
530000	83	4	3	3
227592	31	1	5	1
350784	54	3	7	4
289000	53	2	3	1
384540	56	3	5	3
599000	136	4	2	NaN
430000	170	5	2	NaN
710000	189	6	2	NaN
338250	61	3	4	4
350000	39	2	7	1
304865	55	3	3	3
520000	98	4	2	1
284618	41	2	4	3
333000	55	3	3	parter
474912	72	3	14	14
499000	140	5	2	NaN
495000	68	3	5	3
249048	34	2	2	2
357695	55	3	7	parter
333000	65	3	NaN	4
670000	198	8	3	NaN
367000	49	2	5	4
499000	170	4	3	NaN
337524	51	3	7	4
499000	64	3	4	1
256872	45	3	5	1
0	35	2	5	4
280390	50	3	5	4
420000	51	2	5	2
330840	55	3	8	1
643000	83	4	1	parter
220210	36	2	5	parter
899000	203	7	2	NaN
417000	74	3	1	parter
478000	52	2	5	4
320768	57	4	5	2
252937	37	2	2	parter
233386	38	2	5	parter
290067	48	2	15	parter
294906	42	2	4	3
360000	63	3	NaN	1
294906	42	2	5	3
598000	67	3	11	8
375804	56	3	4	parter
399000	69	3	2	1
0	33	2	5	4
640000	190	6	2	NaN
629000	130	4	2	NaN
986000	240	6	3	NaN
229000	38	2	10	10
275000	52	2	4	3
358839	61	3	4	1
269000	34	2	4	1
275000	39	2	5	3
415000	57	2	7	5
280390	50	3	5	4
349332	54	3	NaN	parter
354416	58	3	2	1
282420	44	2	15	8
950000	295	7	2	NaN
299000	48	3	4	4
321285	53	2	5	4
327787	51	2	15	11
237405	35	1	5	parter
263018	39	2	5	4
425000	85	3	3	3
567000	63	3	7	7
275184	47	2	4	1
389000	73	3	1	parter
399000	65	3	2	1
354000	54	2	5	5
495723	82	4	15	9
1156054	103	4	4	parter
371432	60	3	15	12
274344	48	2	5	2
350000	48	2	4	parter
325038	45	2	5	3
799000	104	4	2	2
428000	51	2	4	3
229000	35	2	7	6
285000	41	2	4	3
262920	75	2	4	parter
799000	104	4	2	2
350000	50	2	4	3
193772	30	1	5	3
585000	135	4	2	NaN
350000	83	3	2	1
415000	86	7	2	1
313000	49	2	4	3
277425	40	2	5	1
360237	59	3	15	parter
214171	35	2	5	parter
460449	58	3	3	1
1366410	140	1	4	parter
399000	87	4	2	parter
335988	49	2	7	1
349000	54	2	2	parter
274764	44	2	14	7
368359	60	3	15	3
525000	176	4	3	NaN
850000	225	4	3	NaN
292175	45	2	15	5
340000	63	2	4	1
288000	38	2	4	parter
320000	71	3	4	4
339520	54	3	2	2
389196	68	3	6	5
615000	153	5	2	NaN
218000	39	1	5	2
639000	120	5	2	NaN
485000	65	2	3	3
710000	189	6	2	NaN
350000	60	3	4	2
299000	44	2	2	1
357200	47	2	5	parter
262472	46	3	5	3
329000	51	2	3	parter
949999	200	6	2	NaN
204450	43	2	5	3
696198	112	2	4	4
325000	130	3	1	parter
250000	38	2	10	6
314000	63	3	4	4
450000	75	2	2	2
294906	42	2	4	3
390000	68	3	2	2
627000	95	4	5	5
285000	39	2	5	2
262472	46	3	5	3
467000	81	4	3	1
185232	36	2	5	parter
798000	296	6	2	NaN
420000	95	3	4	3
899000	206	7	NaN	NaN
399000	61	3	4	1
351120	41	2	5	4
214109	29	1	5	2
277039	41	2	4	1
211750	143	4	1	NaN
141300	46	2	1	parter
308756	49	2	15	9
324686	55	2	15	3
273000	40	2	5	4
449000	111	4	2	NaN
380000	49	3	4	3
410665	71	3	15	2
256872	45	3	5	1
710000	120	4	1	parter
858000	120	5	3	3
400000	81	4	NaN	parter
399000	69	3	2	1
349332	54	3	NaN	parter
266448	47	3	5	1
255976	45	3	4	parter
699000	154	5	2	NaN
290970	48	2	5	parter
330840	55	3	8	1
392607	59	4	7	5
380000	67	3	4	3
904041	100	3	5	parter
274764	44	2	14	7
302176	45	2	5	2
404965	73	3	3	2
329900	97	4	4	4
695303	48	2	4	3
344152	67	3	2	parter
650000	161	5	1	NaN
127900	36	2	2	2
